-- Laya UI seed SQL
-- seed_tag: laya-ui-seed
-- mode: medium
-- generated_by: scripts/seeds/laya_ui_seed.js
-- generated_at: 2026-03-16T12:15:32.533Z
BEGIN;

-- Safe reset: deletes only rows created by this seed, in FK order.
DELETE FROM list_items WHERE app_user_id = '00000000-0000-0000-0000-000000000002' AND (text LIKE '[laya-ui-seed]%' OR id IN ('910835f9-20d7-0b9e-cdc4-fa38f7b88f32', '3f2543fe-8dab-44ec-78a5-21387cbeca15', 'ebb37313-8c9e-5baf-0353-4cd96cb0fefa', '052df884-8fb3-ec4a-010e-ca7e761fa9c6', '8b2a5af0-8003-f633-3380-dae1be3b28b6', 'b4dabff4-b181-1dea-4426-fe41f6dea704', '750cc30b-c355-3bde-696f-9135bc2aeced', '9daf25ca-774f-549d-c82b-b0be88a921b6', '90e654b8-889d-2043-4e15-bc07691decde', '3efd43fc-6f27-5317-93ea-2807b72ba46d', '316b4a15-d87c-9f82-e54a-7bde8b4f6023', 'b98e71f1-1262-d310-b480-eae852b5973a', 'ad778309-653b-5dde-ab5a-fb63e7938c63', 'cbb98449-797a-24d7-6104-4eb12685cd71', 'de59de14-29f2-0cf8-815a-62462f9299b5', '098f701c-3c6f-51c9-ef65-8b27d37a1dc6', 'de501612-38aa-a014-063e-20c7ee04463e', '685aa852-7e55-abd4-fc20-4639d5baf1bb', 'ddb4ad9d-6dce-ad4e-13ab-9234f3e42921', 'ffed48fc-1ee3-2bdb-3f3d-e5a394bc4a81', '560aa14c-e943-d359-48b4-bb1e898aeadb', 'c7e9b862-8ec7-d41e-a75f-4530e0588163', '67695096-d790-7287-8399-67b88035a24c', 'dc88b239-0a09-a788-7eb3-dd16dc315729', '18fe5514-34fb-33e3-37f8-b53aa90817a9', 'da52ed3b-d168-5088-b8b4-06dd24dbc20a', '65d0906b-b530-d3bb-a3ed-32b0352a0179', '2aa4d537-dc09-ba9b-2b46-16dbffa6ae20', '35d60622-6aa1-757c-c61b-0dd2c1ef116e', 'b675ef33-6506-738c-b347-c2cd05a4ece4', 'c405a92a-81f5-585f-71dd-9db68d049dbb', '6a43e1f6-a4f7-18a9-51e3-c15548de0aaf'));
DELETE FROM tasks WHERE app_user_id = '00000000-0000-0000-0000-000000000002' AND (title LIKE '[laya-ui-seed]%' OR id IN ('53bfb766-0178-6812-cc00-2ab72d3d12f5', '7d84bff2-af9e-5488-59a7-c574f872c18a', 'ec28ea2d-b626-963e-c5bc-e2506b8dee1d', '5828b570-9001-2f04-458e-faec72139000', 'b7394684-be60-fac9-53b5-4080f9a83015', 'db9ad9ab-bf38-4d85-c469-f450d830fc7b', 'b6c31aec-62b4-510c-d482-f1d5b364b786', 'f815b6bc-331b-b44e-1f02-4fc6033352a5', '3d3d61b7-804b-01f5-8a2f-fed3b4463770', '0fe6292f-ed3b-1902-e4ba-a84fb92524e7', '82c3005f-1a78-fbdd-f53a-9326b9584fb7', 'c5b224b6-d2ea-4a15-7141-824b179d4797', 'ab72613f-4bab-c038-4fe5-d4d0cef8dcf3', '0b766fc0-8267-9ec5-a8aa-00f52be3e06c', '7f9e8c08-5450-c7be-66e3-70e85e010acc', 'f623e971-7387-d03e-160e-19b027ec9806', 'ada3ec07-5396-4b4c-f49d-2556e6659087', '5ae6a26c-912e-1661-991e-5ebbede0a6e5', '4408bbb5-6711-156d-8f37-d717858e6c47', 'ea988c08-ed96-12af-0b9e-16f68d4a55e2', '4cc15b9e-e6fb-e91b-b033-478555969059', '84c1b33e-4fd5-cd6d-76da-88de72040d4c', '7248921e-427b-5935-1c10-0541fcfee415', '1d607a48-595e-8a2e-bab7-0a01d6c3bc3c', 'fe418977-47cf-eb7a-363a-244d0a62f285', 'b7001d8b-db5d-3c1f-f1f6-b04a1b56b823', 'ea3b0644-78a6-7e2b-08a2-08010d942232', 'ebea70a3-a286-0595-41f7-a3137bdc8bca', '93dc2501-babf-0a7b-b1cc-555ab13d3ad6', '8e262223-23c1-2d9e-2544-037164af4b05', '2c9b9a39-7607-f4a8-0ced-d36465916aaa', 'f3c2823d-e1ff-0e28-bc74-b1f0fdcd9f2a', 'a2954797-83c0-dbec-fd38-16763e59bf0d', '2e08dcf4-c095-2416-df37-ff2d92372ba6', 'b49e4c75-aa6f-b9bd-2a6b-f0cbdc3f7697', '1d9519c7-d9c1-f95c-c8c8-df241d73b970'));
DELETE FROM lists WHERE app_user_id = '00000000-0000-0000-0000-000000000002' AND (name LIKE '[laya-ui-seed]%' OR id IN ('ba49095d-8dd8-8011-c4e3-cf96e4161a9b', '2325d273-157a-0e44-c9ca-7e874be32f74', '97614aec-8cda-aea0-6e55-a573e77cd0db', '630d8683-7f1b-cd95-bc22-4538e4782a01', '2396a20d-f8ff-f9f2-4f35-ebb4c9e685ed', '2a0710dd-3335-0d23-524f-18c5677a0cab', '87e671cb-e48b-b626-d248-6d9c8af32f76', '8c6c0f4a-5362-f4d6-c020-2dbb2e0b2bb2', '1cb81b62-1e16-dc4b-9c5a-cf523f29622e'));

-- Insert lists
INSERT INTO lists (id, app_user_id, name, source, source_message_id, created_at, updated_at, deleted_at, deleted_source, deleted_by_auth_user_id, import_candidates, is_system, system_key) VALUES ('ba49095d-8dd8-8011-c4e3-cf96e4161a9b', '00000000-0000-0000-0000-000000000002', '[laya-ui-seed] Grocery', 'whatsapp', 'laya-ui-seed-msg-list-1', '2026-03-09T09:00:00.000Z', '2026-03-09T09:00:00.000Z', NULL, NULL, NULL, NULL, FALSE, NULL);
INSERT INTO lists (id, app_user_id, name, source, source_message_id, created_at, updated_at, deleted_at, deleted_source, deleted_by_auth_user_id, import_candidates, is_system, system_key) VALUES ('2325d273-157a-0e44-c9ca-7e874be32f74', '00000000-0000-0000-0000-000000000002', '[laya-ui-seed] Travel packing for weekend', 'web', 'laya-ui-seed-msg-list-2', '2026-03-10T09:00:00.000Z', '2026-03-10T09:00:00.000Z', NULL, NULL, NULL, NULL, FALSE, NULL);
INSERT INTO lists (id, app_user_id, name, source, source_message_id, created_at, updated_at, deleted_at, deleted_source, deleted_by_auth_user_id, import_candidates, is_system, system_key) VALUES ('97614aec-8cda-aea0-6e55-a573e77cd0db', '00000000-0000-0000-0000-000000000002', '[laya-ui-seed] School admin', 'web', 'laya-ui-seed-msg-list-3', '2026-03-11T09:00:00.000Z', '2026-03-11T09:00:00.000Z', NULL, NULL, NULL, NULL, FALSE, NULL);
INSERT INTO lists (id, app_user_id, name, source, source_message_id, created_at, updated_at, deleted_at, deleted_source, deleted_by_auth_user_id, import_candidates, is_system, system_key) VALUES ('630d8683-7f1b-cd95-bc22-4538e4782a01', '00000000-0000-0000-0000-000000000002', '[laya-ui-seed] Pantry OCR import', 'ocr', 'laya-ui-seed-msg-list-4', '2026-03-12T09:00:00.000Z', '2026-03-12T09:00:00.000Z', NULL, NULL, NULL, '["almonds","basmati rice","toor dal","paper napkins"]'::jsonb, FALSE, NULL);
INSERT INTO lists (id, app_user_id, name, source, source_message_id, created_at, updated_at, deleted_at, deleted_source, deleted_by_auth_user_id, import_candidates, is_system, system_key) VALUES ('2396a20d-f8ff-f9f2-4f35-ebb4c9e685ed', '00000000-0000-0000-0000-000000000002', '[laya-ui-seed] Empty ideas list', 'web', 'laya-ui-seed-msg-list-5', '2026-03-13T09:00:00.000Z', '2026-03-13T09:00:00.000Z', NULL, NULL, NULL, NULL, FALSE, NULL);
INSERT INTO lists (id, app_user_id, name, source, source_message_id, created_at, updated_at, deleted_at, deleted_source, deleted_by_auth_user_id, import_candidates, is_system, system_key) VALUES ('2a0710dd-3335-0d23-524f-18c5677a0cab', '00000000-0000-0000-0000-000000000002', '[laya-ui-seed] Deep storage items to check before festival hosting and guest setup', 'web', 'laya-ui-seed-msg-list-6', '2026-03-14T09:00:00.000Z', '2026-03-14T09:00:00.000Z', NULL, NULL, NULL, NULL, FALSE, NULL);
INSERT INTO lists (id, app_user_id, name, source, source_message_id, created_at, updated_at, deleted_at, deleted_source, deleted_by_auth_user_id, import_candidates, is_system, system_key) VALUES ('87e671cb-e48b-b626-d248-6d9c8af32f76', '00000000-0000-0000-0000-000000000002', '[laya-ui-seed] Archived spring cleaning', 'web', 'laya-ui-seed-msg-list-7', '2026-03-15T09:00:00.000Z', '2026-03-15T09:00:00.000Z', '2026-03-14T09:00:00.000Z', 'web', NULL, NULL, FALSE, NULL);
INSERT INTO lists (id, app_user_id, name, source, source_message_id, created_at, updated_at, deleted_at, deleted_source, deleted_by_auth_user_id, import_candidates, is_system, system_key) VALUES ('8c6c0f4a-5362-f4d6-c020-2dbb2e0b2bb2', '00000000-0000-0000-0000-000000000002', '[laya-ui-seed] Extra list 1', 'web', 'laya-ui-seed-msg-list-extra-1', '2026-03-10T09:00:00.000Z', '2026-03-11T09:00:00.000Z', NULL, NULL, NULL, NULL, FALSE, NULL);
INSERT INTO lists (id, app_user_id, name, source, source_message_id, created_at, updated_at, deleted_at, deleted_source, deleted_by_auth_user_id, import_candidates, is_system, system_key) VALUES ('1cb81b62-1e16-dc4b-9c5a-cf523f29622e', '00000000-0000-0000-0000-000000000002', '[laya-ui-seed] Extra list 2', 'whatsapp', 'laya-ui-seed-msg-list-extra-2', '2026-03-11T09:00:00.000Z', '2026-03-12T09:00:00.000Z', NULL, NULL, NULL, NULL, FALSE, NULL);

-- Insert list items
INSERT INTO list_items (id, app_user_id, list_id, text, normalized_text, is_done, source, created_at, updated_at, deleted_at) VALUES ('910835f9-20d7-0b9e-cdc4-fa38f7b88f32', '00000000-0000-0000-0000-000000000002', 'ba49095d-8dd8-8011-c4e3-cf96e4161a9b', '[laya-ui-seed] tomatoes', 'layauiseed tomatoes', FALSE, 'whatsapp', '2026-03-13T09:00:00.000Z', '2026-03-14T09:00:00.000Z', NULL);
INSERT INTO list_items (id, app_user_id, list_id, text, normalized_text, is_done, source, created_at, updated_at, deleted_at) VALUES ('3f2543fe-8dab-44ec-78a5-21387cbeca15', '00000000-0000-0000-0000-000000000002', 'ba49095d-8dd8-8011-c4e3-cf96e4161a9b', '[laya-ui-seed] coriander', 'layauiseed coriander', TRUE, 'whatsapp', '2026-03-13T09:00:00.000Z', '2026-03-14T09:00:00.000Z', NULL);
INSERT INTO list_items (id, app_user_id, list_id, text, normalized_text, is_done, source, created_at, updated_at, deleted_at) VALUES ('ebb37313-8c9e-5baf-0353-4cd96cb0fefa', '00000000-0000-0000-0000-000000000002', 'ba49095d-8dd8-8011-c4e3-cf96e4161a9b', '[laya-ui-seed] greek yogurt', 'layauiseed greek yogurt', FALSE, 'whatsapp', '2026-03-13T09:00:00.000Z', '2026-03-14T09:00:00.000Z', NULL);
INSERT INTO list_items (id, app_user_id, list_id, text, normalized_text, is_done, source, created_at, updated_at, deleted_at) VALUES ('052df884-8fb3-ec4a-010e-ca7e761fa9c6', '00000000-0000-0000-0000-000000000002', 'ba49095d-8dd8-8011-c4e3-cf96e4161a9b', '[laya-ui-seed] paneer', 'layauiseed paneer', FALSE, 'whatsapp', '2026-03-13T09:00:00.000Z', '2026-03-14T09:00:00.000Z', NULL);
INSERT INTO list_items (id, app_user_id, list_id, text, normalized_text, is_done, source, created_at, updated_at, deleted_at) VALUES ('8b2a5af0-8003-f633-3380-dae1be3b28b6', '00000000-0000-0000-0000-000000000002', 'ba49095d-8dd8-8011-c4e3-cf96e4161a9b', '[laya-ui-seed] dishwasher tablets', 'layauiseed dishwasher tablets', FALSE, 'whatsapp', '2026-03-13T09:00:00.000Z', '2026-03-14T09:00:00.000Z', NULL);
INSERT INTO list_items (id, app_user_id, list_id, text, normalized_text, is_done, source, created_at, updated_at, deleted_at) VALUES ('b4dabff4-b181-1dea-4426-fe41f6dea704', '00000000-0000-0000-0000-000000000002', '2325d273-157a-0e44-c9ca-7e874be32f74', '[laya-ui-seed] Ved night suit', 'layauiseed ved night suit', TRUE, 'web', '2026-03-13T09:00:00.000Z', '2026-03-14T09:00:00.000Z', NULL);
INSERT INTO list_items (id, app_user_id, list_id, text, normalized_text, is_done, source, created_at, updated_at, deleted_at) VALUES ('750cc30b-c355-3bde-696f-9135bc2aeced', '00000000-0000-0000-0000-000000000002', '2325d273-157a-0e44-c9ca-7e874be32f74', '[laya-ui-seed] swim shorts', 'layauiseed swim shorts', FALSE, 'web', '2026-03-13T09:00:00.000Z', '2026-03-14T09:00:00.000Z', NULL);
INSERT INTO list_items (id, app_user_id, list_id, text, normalized_text, is_done, source, created_at, updated_at, deleted_at) VALUES ('9daf25ca-774f-549d-c82b-b0be88a921b6', '00000000-0000-0000-0000-000000000002', '2325d273-157a-0e44-c9ca-7e874be32f74', '[laya-ui-seed] phone charger', 'layauiseed phone charger', FALSE, 'web', '2026-03-13T09:00:00.000Z', '2026-03-14T09:00:00.000Z', NULL);
INSERT INTO list_items (id, app_user_id, list_id, text, normalized_text, is_done, source, created_at, updated_at, deleted_at) VALUES ('90e654b8-889d-2043-4e15-bc07691decde', '00000000-0000-0000-0000-000000000002', '2325d273-157a-0e44-c9ca-7e874be32f74', '[laya-ui-seed] snacks for flight', 'layauiseed snacks for flight', FALSE, 'web', '2026-03-13T09:00:00.000Z', '2026-03-14T09:00:00.000Z', NULL);
INSERT INTO list_items (id, app_user_id, list_id, text, normalized_text, is_done, source, created_at, updated_at, deleted_at) VALUES ('3efd43fc-6f27-5317-93ea-2807b72ba46d', '00000000-0000-0000-0000-000000000002', '2325d273-157a-0e44-c9ca-7e874be32f74', '[laya-ui-seed] small medicines pouch', 'layauiseed small medicines pouch', FALSE, 'web', '2026-03-13T09:00:00.000Z', '2026-03-14T09:00:00.000Z', NULL);
INSERT INTO list_items (id, app_user_id, list_id, text, normalized_text, is_done, source, created_at, updated_at, deleted_at) VALUES ('316b4a15-d87c-9f82-e54a-7bde8b4f6023', '00000000-0000-0000-0000-000000000002', '97614aec-8cda-aea0-6e55-a573e77cd0db', '[laya-ui-seed] submit transport form', 'layauiseed submit transport form', FALSE, 'web', '2026-03-13T09:00:00.000Z', '2026-03-14T09:00:00.000Z', NULL);
INSERT INTO list_items (id, app_user_id, list_id, text, normalized_text, is_done, source, created_at, updated_at, deleted_at) VALUES ('b98e71f1-1262-d310-b480-eae852b5973a', '00000000-0000-0000-0000-000000000002', '97614aec-8cda-aea0-6e55-a573e77cd0db', '[laya-ui-seed] label extra uniform set', 'layauiseed label extra uniform set', FALSE, 'web', '2026-03-13T09:00:00.000Z', '2026-03-14T09:00:00.000Z', NULL);
INSERT INTO list_items (id, app_user_id, list_id, text, normalized_text, is_done, source, created_at, updated_at, deleted_at) VALUES ('ad778309-653b-5dde-ab5a-fb63e7938c63', '00000000-0000-0000-0000-000000000002', '97614aec-8cda-aea0-6e55-a573e77cd0db', '[laya-ui-seed] pay activity fee online', 'layauiseed pay activity fee online', FALSE, 'web', '2026-03-13T09:00:00.000Z', '2026-03-14T09:00:00.000Z', NULL);
INSERT INTO list_items (id, app_user_id, list_id, text, normalized_text, is_done, source, created_at, updated_at, deleted_at) VALUES ('cbb98449-797a-24d7-6104-4eb12685cd71', '00000000-0000-0000-0000-000000000002', '630d8683-7f1b-cd95-bc22-4538e4782a01', '[laya-ui-seed] almonds', 'layauiseed almonds', FALSE, 'ocr', '2026-03-13T09:00:00.000Z', '2026-03-14T09:00:00.000Z', NULL);
INSERT INTO list_items (id, app_user_id, list_id, text, normalized_text, is_done, source, created_at, updated_at, deleted_at) VALUES ('de59de14-29f2-0cf8-815a-62462f9299b5', '00000000-0000-0000-0000-000000000002', '630d8683-7f1b-cd95-bc22-4538e4782a01', '[laya-ui-seed] basmati rice', 'layauiseed basmati rice', FALSE, 'ocr', '2026-03-13T09:00:00.000Z', '2026-03-14T09:00:00.000Z', NULL);
INSERT INTO list_items (id, app_user_id, list_id, text, normalized_text, is_done, source, created_at, updated_at, deleted_at) VALUES ('098f701c-3c6f-51c9-ef65-8b27d37a1dc6', '00000000-0000-0000-0000-000000000002', '630d8683-7f1b-cd95-bc22-4538e4782a01', '[laya-ui-seed] toor dal', 'layauiseed toor dal', TRUE, 'ocr', '2026-03-13T09:00:00.000Z', '2026-03-14T09:00:00.000Z', NULL);
INSERT INTO list_items (id, app_user_id, list_id, text, normalized_text, is_done, source, created_at, updated_at, deleted_at) VALUES ('de501612-38aa-a014-063e-20c7ee04463e', '00000000-0000-0000-0000-000000000002', '630d8683-7f1b-cd95-bc22-4538e4782a01', '[laya-ui-seed] paper napkins', 'layauiseed paper napkins', FALSE, 'ocr', '2026-03-13T09:00:00.000Z', '2026-03-14T09:00:00.000Z', NULL);
INSERT INTO list_items (id, app_user_id, list_id, text, normalized_text, is_done, source, created_at, updated_at, deleted_at) VALUES ('685aa852-7e55-abd4-fc20-4639d5baf1bb', '00000000-0000-0000-0000-000000000002', '630d8683-7f1b-cd95-bc22-4538e4782a01', '[laya-ui-seed] cling wrap', 'layauiseed cling wrap', FALSE, 'ocr', '2026-03-13T09:00:00.000Z', '2026-03-14T09:00:00.000Z', NULL);
INSERT INTO list_items (id, app_user_id, list_id, text, normalized_text, is_done, source, created_at, updated_at, deleted_at) VALUES ('ddb4ad9d-6dce-ad4e-13ab-9234f3e42921', '00000000-0000-0000-0000-000000000002', '2a0710dd-3335-0d23-524f-18c5677a0cab', '[laya-ui-seed] extra floor cushions', 'layauiseed extra floor cushions', FALSE, 'web', '2026-03-13T09:00:00.000Z', '2026-03-14T09:00:00.000Z', NULL);
INSERT INTO list_items (id, app_user_id, list_id, text, normalized_text, is_done, source, created_at, updated_at, deleted_at) VALUES ('ffed48fc-1ee3-2bdb-3f3d-e5a394bc4a81', '00000000-0000-0000-0000-000000000002', '2a0710dd-3335-0d23-524f-18c5677a0cab', '[laya-ui-seed] guest bath towels', 'layauiseed guest bath towels', FALSE, 'web', '2026-03-13T09:00:00.000Z', '2026-03-14T09:00:00.000Z', NULL);
INSERT INTO list_items (id, app_user_id, list_id, text, normalized_text, is_done, source, created_at, updated_at, deleted_at) VALUES ('560aa14c-e943-d359-48b4-bb1e898aeadb', '00000000-0000-0000-0000-000000000002', '2a0710dd-3335-0d23-524f-18c5677a0cab', '[laya-ui-seed] festive serving bowls', 'layauiseed festive serving bowls', FALSE, 'web', '2026-03-13T09:00:00.000Z', '2026-03-14T09:00:00.000Z', NULL);
INSERT INTO list_items (id, app_user_id, list_id, text, normalized_text, is_done, source, created_at, updated_at, deleted_at) VALUES ('c7e9b862-8ec7-d41e-a75f-4530e0588163', '00000000-0000-0000-0000-000000000002', '2a0710dd-3335-0d23-524f-18c5677a0cab', '[laya-ui-seed] string lights for balcony railing and dining shelf because the usual box is not labelled clearly', 'layauiseed string lights for balcony railing and dining shelf because the usual box is not labelled clearly', FALSE, 'web', '2026-03-13T09:00:00.000Z', '2026-03-14T09:00:00.000Z', NULL);
INSERT INTO list_items (id, app_user_id, list_id, text, normalized_text, is_done, source, created_at, updated_at, deleted_at) VALUES ('67695096-d790-7287-8399-67b88035a24c', '00000000-0000-0000-0000-000000000002', 'ba49095d-8dd8-8011-c4e3-cf96e4161a9b', '[laya-ui-seed] Extra item 1 for [laya-ui-seed] Grocery', 'layauiseed extra item 1 for layauiseed grocery', TRUE, 'whatsapp', '2026-03-14T09:00:00.000Z', '2026-03-15T09:00:00.000Z', '2026-03-16T09:00:00.000Z');
INSERT INTO list_items (id, app_user_id, list_id, text, normalized_text, is_done, source, created_at, updated_at, deleted_at) VALUES ('dc88b239-0a09-a788-7eb3-dd16dc315729', '00000000-0000-0000-0000-000000000002', '2325d273-157a-0e44-c9ca-7e874be32f74', '[laya-ui-seed] Extra item 2 for [laya-ui-seed] Travel packing for weekend', 'layauiseed extra item 2 for layauiseed travel packing for weekend', FALSE, 'web', '2026-03-14T09:00:00.000Z', '2026-03-15T09:00:00.000Z', NULL);
INSERT INTO list_items (id, app_user_id, list_id, text, normalized_text, is_done, source, created_at, updated_at, deleted_at) VALUES ('18fe5514-34fb-33e3-37f8-b53aa90817a9', '00000000-0000-0000-0000-000000000002', '97614aec-8cda-aea0-6e55-a573e77cd0db', '[laya-ui-seed] Extra item 3 for [laya-ui-seed] School admin', 'layauiseed extra item 3 for layauiseed school admin', FALSE, 'web', '2026-03-14T09:00:00.000Z', '2026-03-15T09:00:00.000Z', NULL);
INSERT INTO list_items (id, app_user_id, list_id, text, normalized_text, is_done, source, created_at, updated_at, deleted_at) VALUES ('da52ed3b-d168-5088-b8b4-06dd24dbc20a', '00000000-0000-0000-0000-000000000002', '630d8683-7f1b-cd95-bc22-4538e4782a01', '[laya-ui-seed] Extra item 4 for [laya-ui-seed] Pantry OCR import', 'layauiseed extra item 4 for layauiseed pantry ocr import', FALSE, 'ocr', '2026-03-14T09:00:00.000Z', '2026-03-15T09:00:00.000Z', NULL);
INSERT INTO list_items (id, app_user_id, list_id, text, normalized_text, is_done, source, created_at, updated_at, deleted_at) VALUES ('65d0906b-b530-d3bb-a3ed-32b0352a0179', '00000000-0000-0000-0000-000000000002', '2396a20d-f8ff-f9f2-4f35-ebb4c9e685ed', '[laya-ui-seed] Extra item 5 for [laya-ui-seed] Empty ideas list', 'layauiseed extra item 5 for layauiseed empty ideas list', FALSE, 'web', '2026-03-14T09:00:00.000Z', '2026-03-15T09:00:00.000Z', NULL);
INSERT INTO list_items (id, app_user_id, list_id, text, normalized_text, is_done, source, created_at, updated_at, deleted_at) VALUES ('2aa4d537-dc09-ba9b-2b46-16dbffa6ae20', '00000000-0000-0000-0000-000000000002', 'ba49095d-8dd8-8011-c4e3-cf96e4161a9b', '[laya-ui-seed] Extra item 6 for [laya-ui-seed] Grocery', 'layauiseed extra item 6 for layauiseed grocery', TRUE, 'whatsapp', '2026-03-14T09:00:00.000Z', '2026-03-15T09:00:00.000Z', NULL);
INSERT INTO list_items (id, app_user_id, list_id, text, normalized_text, is_done, source, created_at, updated_at, deleted_at) VALUES ('35d60622-6aa1-757c-c61b-0dd2c1ef116e', '00000000-0000-0000-0000-000000000002', '2325d273-157a-0e44-c9ca-7e874be32f74', '[laya-ui-seed] Extra item 7 for [laya-ui-seed] Travel packing for weekend', 'layauiseed extra item 7 for layauiseed travel packing for weekend', FALSE, 'web', '2026-03-14T09:00:00.000Z', '2026-03-15T09:00:00.000Z', NULL);
INSERT INTO list_items (id, app_user_id, list_id, text, normalized_text, is_done, source, created_at, updated_at, deleted_at) VALUES ('b675ef33-6506-738c-b347-c2cd05a4ece4', '00000000-0000-0000-0000-000000000002', '97614aec-8cda-aea0-6e55-a573e77cd0db', '[laya-ui-seed] Extra item 8 for [laya-ui-seed] School admin', 'layauiseed extra item 8 for layauiseed school admin', FALSE, 'web', '2026-03-14T09:00:00.000Z', '2026-03-15T09:00:00.000Z', NULL);
INSERT INTO list_items (id, app_user_id, list_id, text, normalized_text, is_done, source, created_at, updated_at, deleted_at) VALUES ('c405a92a-81f5-585f-71dd-9db68d049dbb', '00000000-0000-0000-0000-000000000002', '630d8683-7f1b-cd95-bc22-4538e4782a01', '[laya-ui-seed] Extra item 9 for [laya-ui-seed] Pantry OCR import', 'layauiseed extra item 9 for layauiseed pantry ocr import', FALSE, 'ocr', '2026-03-14T09:00:00.000Z', '2026-03-15T09:00:00.000Z', NULL);
INSERT INTO list_items (id, app_user_id, list_id, text, normalized_text, is_done, source, created_at, updated_at, deleted_at) VALUES ('6a43e1f6-a4f7-18a9-51e3-c15548de0aaf', '00000000-0000-0000-0000-000000000002', '2396a20d-f8ff-f9f2-4f35-ebb4c9e685ed', '[laya-ui-seed] Extra item 10 for [laya-ui-seed] Empty ideas list', 'layauiseed extra item 10 for layauiseed empty ideas list', FALSE, 'web', '2026-03-14T09:00:00.000Z', '2026-03-15T09:00:00.000Z', NULL);

-- Insert tasks
INSERT INTO tasks (id, user_id, app_user_id, title, category, due_date, due_time, due_at, is_done, status, source, source_message_id, inferred_date, inferred_time, created_at, updated_at, deleted_at) VALUES ('53bfb766-0178-6812-cc00-2ab72d3d12f5', '00000000-0000-0000-0000-000000000001', '00000000-0000-0000-0000-000000000002', '[laya-ui-seed] Pay electricity bill', 'Personal', '2026-03-14', '09:00:00', '2026-03-14T09:00:00Z', FALSE, 'active', 'web', '49535710-edb7-4c1f-a911-d1e44b5d31cd', FALSE, FALSE, '2026-03-05T09:00:00.000Z', '2026-03-05T09:00:00.000Z', NULL);
INSERT INTO tasks (id, user_id, app_user_id, title, category, due_date, due_time, due_at, is_done, status, source, source_message_id, inferred_date, inferred_time, created_at, updated_at, deleted_at) VALUES ('7d84bff2-af9e-5488-59a7-c574f872c18a', '00000000-0000-0000-0000-000000000001', '00000000-0000-0000-0000-000000000002', '[laya-ui-seed] Call plumber about kitchen sink', 'Home', '2026-03-15', NULL, '2026-03-15T20:00:00Z', FALSE, 'active', 'whatsapp', '5c6ef226-4617-85d5-af87-ef671041b57e', TRUE, FALSE, '2026-03-06T09:00:00.000Z', '2026-03-06T09:00:00.000Z', NULL);
INSERT INTO tasks (id, user_id, app_user_id, title, category, due_date, due_time, due_at, is_done, status, source, source_message_id, inferred_date, inferred_time, created_at, updated_at, deleted_at) VALUES ('ec28ea2d-b626-963e-c5bc-e2506b8dee1d', '00000000-0000-0000-0000-000000000001', '00000000-0000-0000-0000-000000000002', '[laya-ui-seed] Pack Ved swimming bag', 'Tasks', '2026-03-16', '07:30:00', '2026-03-16T07:30:00Z', FALSE, 'active', 'web', '04322ef1-01fc-40a6-27d7-450d5e87a2cb', FALSE, FALSE, '2026-03-07T09:00:00.000Z', '2026-03-07T09:00:00.000Z', NULL);
INSERT INTO tasks (id, user_id, app_user_id, title, category, due_date, due_time, due_at, is_done, status, source, source_message_id, inferred_date, inferred_time, created_at, updated_at, deleted_at) VALUES ('5828b570-9001-2f04-458e-faec72139000', '00000000-0000-0000-0000-000000000001', '00000000-0000-0000-0000-000000000002', '[laya-ui-seed] Send school fee receipt', 'Admin', '2026-03-16', '10:15:00', '2026-03-16T10:15:00Z', FALSE, 'active', 'whatsapp', 'e19d468d-0c3f-22e5-cd92-e24623b310dc', FALSE, TRUE, '2026-03-08T09:00:00.000Z', '2026-03-08T09:00:00.000Z', NULL);
INSERT INTO tasks (id, user_id, app_user_id, title, category, due_date, due_time, due_at, is_done, status, source, source_message_id, inferred_date, inferred_time, created_at, updated_at, deleted_at) VALUES ('b7394684-be60-fac9-53b5-4080f9a83015', '00000000-0000-0000-0000-000000000001', '00000000-0000-0000-0000-000000000002', '[laya-ui-seed] Order vegetables for dinner', 'Home', '2026-03-16', '17:30:00', '2026-03-16T17:30:00Z', FALSE, 'active', 'web', '52beb4ae-8e05-6cde-3436-757e98eb0098', FALSE, FALSE, '2026-03-09T09:00:00.000Z', '2026-03-09T09:00:00.000Z', NULL);
INSERT INTO tasks (id, user_id, app_user_id, title, category, due_date, due_time, due_at, is_done, status, source, source_message_id, inferred_date, inferred_time, created_at, updated_at, deleted_at) VALUES ('db9ad9ab-bf38-4d85-c469-f450d830fc7b', '00000000-0000-0000-0000-000000000001', '00000000-0000-0000-0000-000000000002', '[laya-ui-seed] Refill protein powder', 'Health', '2026-03-16', NULL, '2026-03-16T20:00:00Z', FALSE, 'active', 'web', 'bf1e170e-14e4-3b47-a216-faeadb890c5b', FALSE, TRUE, '2026-03-10T09:00:00.000Z', '2026-03-10T09:00:00.000Z', NULL);
INSERT INTO tasks (id, user_id, app_user_id, title, category, due_date, due_time, due_at, is_done, status, source, source_message_id, inferred_date, inferred_time, created_at, updated_at, deleted_at) VALUES ('b6c31aec-62b4-510c-d482-f1d5b364b786', '00000000-0000-0000-0000-000000000001', '00000000-0000-0000-0000-000000000002', '[laya-ui-seed] Book pest control visit', 'Home', '2026-03-17', '11:00:00', '2026-03-17T11:00:00Z', FALSE, 'active', 'web', '62d46ce8-1e24-ddc3-0a6e-61c687f95754', FALSE, FALSE, '2026-03-11T09:00:00.000Z', '2026-03-11T09:00:00.000Z', NULL);
INSERT INTO tasks (id, user_id, app_user_id, title, category, due_date, due_time, due_at, is_done, status, source, source_message_id, inferred_date, inferred_time, created_at, updated_at, deleted_at) VALUES ('f815b6bc-331b-b44e-1f02-4fc6033352a5', '00000000-0000-0000-0000-000000000001', '00000000-0000-0000-0000-000000000002', '[laya-ui-seed] Review mockups for calm home screen', 'Work', '2026-03-17', '14:00:00', '2026-03-17T14:00:00Z', FALSE, 'active', 'web', '3013e172-54c2-7f24-d6bb-9aae11020d3b', FALSE, FALSE, '2026-03-12T09:00:00.000Z', '2026-03-12T09:00:00.000Z', NULL);
INSERT INTO tasks (id, user_id, app_user_id, title, category, due_date, due_time, due_at, is_done, status, source, source_message_id, inferred_date, inferred_time, created_at, updated_at, deleted_at) VALUES ('3d3d61b7-804b-01f5-8a2f-fed3b4463770', '00000000-0000-0000-0000-000000000001', '00000000-0000-0000-0000-000000000002', '[laya-ui-seed] Follow up with carpenter', 'Home', '2026-03-18', NULL, '2026-03-18T20:00:00Z', FALSE, 'active', 'whatsapp', '27223138-3ca6-154c-40ae-abab3dd7a2ca', TRUE, FALSE, '2026-03-13T09:00:00.000Z', '2026-03-13T09:00:00.000Z', NULL);
INSERT INTO tasks (id, user_id, app_user_id, title, category, due_date, due_time, due_at, is_done, status, source, source_message_id, inferred_date, inferred_time, created_at, updated_at, deleted_at) VALUES ('0fe6292f-ed3b-1902-e4ba-a84fb92524e7', '00000000-0000-0000-0000-000000000001', '00000000-0000-0000-0000-000000000002', '[laya-ui-seed] Buy return-gift wrapping paper', 'Shopping', '2026-03-18', '16:30:00', '2026-03-18T16:30:00Z', FALSE, 'active', 'web', '6dcee440-63b1-33ee-e3a2-e105e6f6818e', FALSE, FALSE, '2026-03-14T09:00:00.000Z', '2026-03-14T09:00:00.000Z', NULL);
INSERT INTO tasks (id, user_id, app_user_id, title, category, due_date, due_time, due_at, is_done, status, source, source_message_id, inferred_date, inferred_time, created_at, updated_at, deleted_at) VALUES ('82c3005f-1a78-fbdd-f53a-9326b9584fb7', '00000000-0000-0000-0000-000000000001', '00000000-0000-0000-0000-000000000002', '[laya-ui-seed] Plan breakfast menu for Sunday guests', 'Meals', '2026-03-19', NULL, '2026-03-19T20:00:00Z', FALSE, 'active', 'web', '8452ffe3-e727-5724-2f96-983b76dac0be', FALSE, FALSE, '2026-03-15T09:00:00.000Z', '2026-03-15T09:00:00.000Z', NULL);
INSERT INTO tasks (id, user_id, app_user_id, title, category, due_date, due_time, due_at, is_done, status, source, source_message_id, inferred_date, inferred_time, created_at, updated_at, deleted_at) VALUES ('c5b224b6-d2ea-4a15-7141-824b179d4797', '00000000-0000-0000-0000-000000000001', '00000000-0000-0000-0000-000000000002', '[laya-ui-seed] Upload final invoice to drive folder', 'Admin', '2026-03-20', '13:00:00', '2026-03-20T13:00:00Z', FALSE, 'active', 'web', '1f50fae4-285b-b51e-2994-5f3b8e42413a', FALSE, FALSE, '2026-03-15T09:00:00.000Z', '2026-03-15T09:00:00.000Z', NULL);
INSERT INTO tasks (id, user_id, app_user_id, title, category, due_date, due_time, due_at, is_done, status, source, source_message_id, inferred_date, inferred_time, created_at, updated_at, deleted_at) VALUES ('ab72613f-4bab-c038-4fe5-d4d0cef8dcf3', '00000000-0000-0000-0000-000000000001', '00000000-0000-0000-0000-000000000002', '[laya-ui-seed] Compare stroller rain cover options', 'Shopping', NULL, NULL, NULL, FALSE, 'active', 'whatsapp', 'cdcf3f03-aa4c-7033-2a15-9d147faf3b81', FALSE, FALSE, '2026-03-15T09:00:00.000Z', '2026-03-15T09:00:00.000Z', NULL);
INSERT INTO tasks (id, user_id, app_user_id, title, category, due_date, due_time, due_at, is_done, status, source, source_message_id, inferred_date, inferred_time, created_at, updated_at, deleted_at) VALUES ('0b766fc0-8267-9ec5-a8aa-00f52be3e06c', '00000000-0000-0000-0000-000000000001', '00000000-0000-0000-0000-000000000002', '[laya-ui-seed] Collect dry cleaning', 'Shopping', NULL, NULL, NULL, FALSE, 'active', 'web', '74b71b56-5ce6-f3cd-327e-f7566b6b9f6a', FALSE, FALSE, '2026-03-15T09:00:00.000Z', '2026-03-15T09:00:00.000Z', NULL);
INSERT INTO tasks (id, user_id, app_user_id, title, category, due_date, due_time, due_at, is_done, status, source, source_message_id, inferred_date, inferred_time, created_at, updated_at, deleted_at) VALUES ('7f9e8c08-5450-c7be-66e3-70e85e010acc', '00000000-0000-0000-0000-000000000001', '00000000-0000-0000-0000-000000000002', '[laya-ui-seed] Read 15 pages of current book', 'Personal', '2026-03-15', NULL, '2026-03-15T20:00:00Z', TRUE, 'completed', 'web', '67072750-66b1-b48d-fa74-ca1a07b12189', FALSE, FALSE, '2026-03-15T09:00:00.000Z', '2026-03-15T09:00:00.000Z', NULL);
INSERT INTO tasks (id, user_id, app_user_id, title, category, due_date, due_time, due_at, is_done, status, source, source_message_id, inferred_date, inferred_time, created_at, updated_at, deleted_at) VALUES ('f623e971-7387-d03e-160e-19b027ec9806', '00000000-0000-0000-0000-000000000001', '00000000-0000-0000-0000-000000000002', '[laya-ui-seed] Confirm playdate timing with Aditi', 'Tasks', '2026-03-16', '12:00:00', '2026-03-16T12:00:00Z', TRUE, 'completed', 'whatsapp', '6ea6005e-d01d-3d83-5b93-5f15c4007147', FALSE, FALSE, '2026-03-15T09:00:00.000Z', '2026-03-15T09:00:00.000Z', NULL);
INSERT INTO tasks (id, user_id, app_user_id, title, category, due_date, due_time, due_at, is_done, status, source, source_message_id, inferred_date, inferred_time, created_at, updated_at, deleted_at) VALUES ('ada3ec07-5396-4b4c-f49d-2556e6659087', '00000000-0000-0000-0000-000000000001', '00000000-0000-0000-0000-000000000002', '[laya-ui-seed] Move winter jackets to upper shelf', 'Home', NULL, NULL, NULL, FALSE, 'active', 'web', '2c1e0880-30e5-f31e-9c6d-73f4d086a2a9', FALSE, FALSE, '2026-03-15T09:00:00.000Z', '2026-03-15T09:00:00.000Z', '2026-03-15T09:00:00.000Z');
INSERT INTO tasks (id, user_id, app_user_id, title, category, due_date, due_time, due_at, is_done, status, source, source_message_id, inferred_date, inferred_time, created_at, updated_at, deleted_at) VALUES ('5ae6a26c-912e-1661-991e-5ebbede0a6e5', '00000000-0000-0000-0000-000000000001', '00000000-0000-0000-0000-000000000002', '[laya-ui-seed] Fix bedside lamp or replace bulb before guests come over this weekend because the current warm light flickers intermittently', 'Home', '2026-03-18', '19:15:00', '2026-03-18T19:15:00Z', FALSE, 'active', 'web', '8b455ecd-d0b6-7c6f-e2de-9555b8ba681c', FALSE, FALSE, '2026-03-15T09:00:00.000Z', '2026-03-15T09:00:00.000Z', NULL);
INSERT INTO tasks (id, user_id, app_user_id, title, category, due_date, due_time, due_at, is_done, status, source, source_message_id, inferred_date, inferred_time, created_at, updated_at, deleted_at) VALUES ('4408bbb5-6711-156d-8f37-d717858e6c47', '00000000-0000-0000-0000-000000000001', '00000000-0000-0000-0000-000000000002', '[laya-ui-seed] Pick up coriander', 'Meals', '2026-03-16', NULL, '2026-03-16T20:00:00Z', FALSE, 'active', 'whatsapp', 'd26066f5-789c-c2db-2e6a-fdfc17a8bbb1', FALSE, FALSE, '2026-03-15T09:00:00.000Z', '2026-03-15T09:00:00.000Z', NULL);
INSERT INTO tasks (id, user_id, app_user_id, title, category, due_date, due_time, due_at, is_done, status, source, source_message_id, inferred_date, inferred_time, created_at, updated_at, deleted_at) VALUES ('ea988c08-ed96-12af-0b9e-16f68d4a55e2', '00000000-0000-0000-0000-000000000001', '00000000-0000-0000-0000-000000000002', '[laya-ui-seed] Pick up coriander for chutney', 'Meals', '2026-03-17', NULL, '2026-03-17T20:00:00Z', FALSE, 'active', 'whatsapp', '26822d7c-6fb1-e6bf-f2b0-f3c24910db18', FALSE, FALSE, '2026-03-15T09:00:00.000Z', '2026-03-15T09:00:00.000Z', NULL);
INSERT INTO tasks (id, user_id, app_user_id, title, category, due_date, due_time, due_at, is_done, status, source, source_message_id, inferred_date, inferred_time, created_at, updated_at, deleted_at) VALUES ('4cc15b9e-e6fb-e91b-b033-478555969059', '00000000-0000-0000-0000-000000000001', '00000000-0000-0000-0000-000000000002', '[laya-ui-seed] Extra task 1 for UI density and scroll validation', 'Home', NULL, '09:15:00', NULL, TRUE, 'completed', 'web', '46421808-5d68-e05b-da33-34706b10a1b5', TRUE, TRUE, '2026-03-06T09:00:00.000Z', '2026-03-08T09:00:00.000Z', '2026-03-15T09:00:00.000Z');
INSERT INTO tasks (id, user_id, app_user_id, title, category, due_date, due_time, due_at, is_done, status, source, source_message_id, inferred_date, inferred_time, created_at, updated_at, deleted_at) VALUES ('84c1b33e-4fd5-cd6d-76da-88de72040d4c', '00000000-0000-0000-0000-000000000001', '00000000-0000-0000-0000-000000000002', '[laya-ui-seed] Extra task 2 for UI density and scroll validation', 'Admin', '2026-03-15', NULL, '2026-03-15T20:00:00Z', FALSE, 'active', 'whatsapp', '2de07f7b-1dc6-9831-fcf3-09e525b5297c', FALSE, FALSE, '2026-03-07T09:00:00.000Z', '2026-03-09T09:00:00.000Z', NULL);
INSERT INTO tasks (id, user_id, app_user_id, title, category, due_date, due_time, due_at, is_done, status, source, source_message_id, inferred_date, inferred_time, created_at, updated_at, deleted_at) VALUES ('7248921e-427b-5935-1c10-0541fcfee415', '00000000-0000-0000-0000-000000000001', '00000000-0000-0000-0000-000000000002', '[laya-ui-seed] Extra task 3 for UI density and scroll validation', 'Tasks', '2026-03-16', NULL, '2026-03-16T20:00:00Z', FALSE, 'active', 'web', '36699260-ae45-ae31-7b50-c0b806041f01', FALSE, FALSE, '2026-03-08T09:00:00.000Z', '2026-03-10T09:00:00.000Z', NULL);
INSERT INTO tasks (id, user_id, app_user_id, title, category, due_date, due_time, due_at, is_done, status, source, source_message_id, inferred_date, inferred_time, created_at, updated_at, deleted_at) VALUES ('1d607a48-595e-8a2e-bab7-0a01d6c3bc3c', '00000000-0000-0000-0000-000000000001', '00000000-0000-0000-0000-000000000002', '[laya-ui-seed] Extra task 4 for UI density and scroll validation', 'Meals', '2026-03-17', '12:15:00', '2026-03-17T12:15:00Z', FALSE, 'active', 'web', 'ba827a07-7328-ef35-e6a2-058b64712db8', FALSE, FALSE, '2026-03-09T09:00:00.000Z', '2026-03-11T09:00:00.000Z', NULL);
INSERT INTO tasks (id, user_id, app_user_id, title, category, due_date, due_time, due_at, is_done, status, source, source_message_id, inferred_date, inferred_time, created_at, updated_at, deleted_at) VALUES ('fe418977-47cf-eb7a-363a-244d0a62f285', '00000000-0000-0000-0000-000000000001', '00000000-0000-0000-0000-000000000002', '[laya-ui-seed] Extra task 5 for UI density and scroll validation', 'Work', '2026-03-18', NULL, '2026-03-18T20:00:00Z', FALSE, 'active', 'web', 'ff2612d8-e1e9-799d-3c28-b3a6ef9fed16', TRUE, FALSE, '2026-03-10T09:00:00.000Z', '2026-03-12T09:00:00.000Z', NULL);
INSERT INTO tasks (id, user_id, app_user_id, title, category, due_date, due_time, due_at, is_done, status, source, source_message_id, inferred_date, inferred_time, created_at, updated_at, deleted_at) VALUES ('b7001d8b-db5d-3c1f-f1f6-b04a1b56b823', '00000000-0000-0000-0000-000000000001', '00000000-0000-0000-0000-000000000002', '[laya-ui-seed] Extra task 6 for UI density and scroll validation', 'Shopping', NULL, NULL, NULL, FALSE, 'active', 'whatsapp', 'bb1c7ab9-b98a-42e5-9a2a-e1cb432429ff', FALSE, FALSE, '2026-03-06T09:00:00.000Z', '2026-03-08T09:00:00.000Z', NULL);
INSERT INTO tasks (id, user_id, app_user_id, title, category, due_date, due_time, due_at, is_done, status, source, source_message_id, inferred_date, inferred_time, created_at, updated_at, deleted_at) VALUES ('ea3b0644-78a6-7e2b-08a2-08010d942232', '00000000-0000-0000-0000-000000000001', '00000000-0000-0000-0000-000000000002', '[laya-ui-seed] Extra task 7 for UI density and scroll validation', 'Home', '2026-03-20', '15:15:00', '2026-03-20T15:15:00Z', FALSE, 'active', 'web', '3f7e2cb6-5868-dfdc-c0b6-fc6e4ac99afc', FALSE, TRUE, '2026-03-07T09:00:00.000Z', '2026-03-09T09:00:00.000Z', NULL);
INSERT INTO tasks (id, user_id, app_user_id, title, category, due_date, due_time, due_at, is_done, status, source, source_message_id, inferred_date, inferred_time, created_at, updated_at, deleted_at) VALUES ('ebea70a3-a286-0595-41f7-a3137bdc8bca', '00000000-0000-0000-0000-000000000001', '00000000-0000-0000-0000-000000000002', '[laya-ui-seed] Extra task 8 for UI density and scroll validation', 'Admin', '2026-03-14', NULL, '2026-03-14T20:00:00Z', FALSE, 'active', 'web', '32c9a6f2-53d8-2c41-6cb4-6bcce0afce4e', FALSE, FALSE, '2026-03-08T09:00:00.000Z', '2026-03-10T09:00:00.000Z', NULL);
INSERT INTO tasks (id, user_id, app_user_id, title, category, due_date, due_time, due_at, is_done, status, source, source_message_id, inferred_date, inferred_time, created_at, updated_at, deleted_at) VALUES ('93dc2501-babf-0a7b-b1cc-555ab13d3ad6', '00000000-0000-0000-0000-000000000001', '00000000-0000-0000-0000-000000000002', '[laya-ui-seed] Extra task 9 for UI density and scroll validation', 'Tasks', '2026-03-15', NULL, '2026-03-15T20:00:00Z', FALSE, 'active', 'web', 'a26df15f-c7db-fc10-b698-5ae9ab49c52c', TRUE, FALSE, '2026-03-09T09:00:00.000Z', '2026-03-11T09:00:00.000Z', NULL);
INSERT INTO tasks (id, user_id, app_user_id, title, category, due_date, due_time, due_at, is_done, status, source, source_message_id, inferred_date, inferred_time, created_at, updated_at, deleted_at) VALUES ('8e262223-23c1-2d9e-2544-037164af4b05', '00000000-0000-0000-0000-000000000001', '00000000-0000-0000-0000-000000000002', '[laya-ui-seed] Extra task 10 for UI density and scroll validation', 'Meals', '2026-03-16', '10:15:00', '2026-03-16T10:15:00Z', TRUE, 'completed', 'whatsapp', 'ba415ac5-5b43-9ac0-06ac-5f20980c0eaa', FALSE, FALSE, '2026-03-10T09:00:00.000Z', '2026-03-12T09:00:00.000Z', NULL);
INSERT INTO tasks (id, user_id, app_user_id, title, category, due_date, due_time, due_at, is_done, status, source, source_message_id, inferred_date, inferred_time, created_at, updated_at, deleted_at) VALUES ('2c9b9a39-7607-f4a8-0ced-d36465916aaa', '00000000-0000-0000-0000-000000000001', '00000000-0000-0000-0000-000000000002', '[laya-ui-seed] Extra task 11 for UI density and scroll validation', 'Work', NULL, NULL, NULL, FALSE, 'active', 'web', '803f5cdf-9b96-28fd-66d1-ee0c4e6872a0', FALSE, FALSE, '2026-03-06T09:00:00.000Z', '2026-03-08T09:00:00.000Z', NULL);
INSERT INTO tasks (id, user_id, app_user_id, title, category, due_date, due_time, due_at, is_done, status, source, source_message_id, inferred_date, inferred_time, created_at, updated_at, deleted_at) VALUES ('f3c2823d-e1ff-0e28-bc74-b1f0fdcd9f2a', '00000000-0000-0000-0000-000000000001', '00000000-0000-0000-0000-000000000002', '[laya-ui-seed] Extra task 12 for UI density and scroll validation', 'Shopping', '2026-03-18', NULL, '2026-03-18T20:00:00Z', FALSE, 'active', 'web', '665a72e5-3785-14ab-d5ad-63e23e11e184', FALSE, FALSE, '2026-03-07T09:00:00.000Z', '2026-03-09T09:00:00.000Z', NULL);
INSERT INTO tasks (id, user_id, app_user_id, title, category, due_date, due_time, due_at, is_done, status, source, source_message_id, inferred_date, inferred_time, created_at, updated_at, deleted_at) VALUES ('a2954797-83c0-dbec-fd38-16763e59bf0d', '00000000-0000-0000-0000-000000000001', '00000000-0000-0000-0000-000000000002', '[laya-ui-seed] Extra task 13 for UI density and scroll validation', 'Home', '2026-03-19', '13:15:00', '2026-03-19T13:15:00Z', FALSE, 'active', 'web', 'd55b3c81-4fda-b96a-726e-8350f5f43291', TRUE, TRUE, '2026-03-08T09:00:00.000Z', '2026-03-10T09:00:00.000Z', NULL);
INSERT INTO tasks (id, user_id, app_user_id, title, category, due_date, due_time, due_at, is_done, status, source, source_message_id, inferred_date, inferred_time, created_at, updated_at, deleted_at) VALUES ('2e08dcf4-c095-2416-df37-ff2d92372ba6', '00000000-0000-0000-0000-000000000001', '00000000-0000-0000-0000-000000000002', '[laya-ui-seed] Extra task 14 for UI density and scroll validation', 'Admin', '2026-03-20', NULL, '2026-03-20T20:00:00Z', FALSE, 'active', 'whatsapp', 'c46aa4af-6fc4-b4a4-8e84-4b645354596c', FALSE, FALSE, '2026-03-09T09:00:00.000Z', '2026-03-11T09:00:00.000Z', NULL);
INSERT INTO tasks (id, user_id, app_user_id, title, category, due_date, due_time, due_at, is_done, status, source, source_message_id, inferred_date, inferred_time, created_at, updated_at, deleted_at) VALUES ('b49e4c75-aa6f-b9bd-2a6b-f0cbdc3f7697', '00000000-0000-0000-0000-000000000001', '00000000-0000-0000-0000-000000000002', '[laya-ui-seed] Extra task 15 for UI density and scroll validation', 'Tasks', '2026-03-14', NULL, '2026-03-14T20:00:00Z', FALSE, 'active', 'web', '2a6bdb9d-ae02-e862-4023-84dc5ae3e17e', FALSE, FALSE, '2026-03-10T09:00:00.000Z', '2026-03-12T09:00:00.000Z', NULL);
INSERT INTO tasks (id, user_id, app_user_id, title, category, due_date, due_time, due_at, is_done, status, source, source_message_id, inferred_date, inferred_time, created_at, updated_at, deleted_at) VALUES ('1d9519c7-d9c1-f95c-c8c8-df241d73b970', '00000000-0000-0000-0000-000000000001', '00000000-0000-0000-0000-000000000002', '[laya-ui-seed] Extra task 16 for UI density and scroll validation', 'Meals', NULL, '16:15:00', NULL, FALSE, 'active', 'web', 'e8db14f6-ee33-f199-2313-3c50e3f9c39f', FALSE, FALSE, '2026-03-06T09:00:00.000Z', '2026-03-08T09:00:00.000Z', NULL);

COMMIT;
