-- Laya UI seed SQL v2
-- seed_tag:      seed-v2
-- mode:          medium
-- base_date:     2026-03-27
-- generated_by:  scripts/seeds/laya_ui_seed.js
-- generated_at:  2026-03-27T03:45:06.312Z
BEGIN;

-- Safe reset: deletes only rows created by this seed, in FK order.
DELETE FROM list_items WHERE app_user_id = 'd759f32f-1b68-471b-8505-013b59fd1bf8' AND (text LIKE '[seed-v2]%' OR id IN ('4ea1b2e2-d159-92ca-d6ed-428d3044d27b', '9124588f-56b9-a99c-41de-9f20cf49c8f3', 'ce265ae4-d0c3-749b-eb28-22a9c2b15f59', '297c70d4-4f9a-7486-91ac-18bdc4559397', 'dafc629d-f3c7-d54e-0706-7c2083f3f1aa', 'fef65549-db93-0eab-6ce1-f3eb06910a17', '95517a2c-bf51-0912-e9c1-1b7d8fd0ef9d', '0b774a9b-2711-326c-01bd-99bf3c8425fb', '17cb3af9-ab41-e82d-eb59-008c6e10cf3a', '721607ae-8291-8a21-4df4-8a472b2e58cb', 'eed8be5f-9d05-c56a-6679-dbd31974c419', '177510be-46a2-78d5-c3d9-f7c9f98cedd7', '03b5e2aa-204b-c90e-3a27-cc007b128187', 'f3a4754b-c74d-6229-8f1e-556bab0059dc', 'a612f6db-33a4-c243-1174-27a5d1270a8e', '04bedc53-32ee-0d3a-08e1-6a0a34970868', '1c78d356-1e7f-3cd5-275c-d23faf9c0177', '19dd479c-4f4c-2bac-c7e2-fc8addf1fe06', '19ee37d1-89b7-f43c-6598-2f0f8c33d821', 'b8b12fe5-3236-ebf6-cb00-e284aa71b7b8', 'a953792c-f7bf-ddb8-866e-b881e226013f', 'ab6b8c76-c231-09d4-3c5c-3dbf30d297d2', '00380443-bc45-11c7-c1b3-8416e9ce0442', '6ab0b867-3f1b-b22d-f8e6-a6764e5bcea2', 'c1879040-30d8-4d2b-262b-95b54b42c3d4', '411eba1b-bc4a-055c-7954-5c0655cb8158', '4d17293b-7ff7-518b-c25d-fc6fbd534801', '8c166306-da7e-5bce-fa24-4ecebbec1f03', 'f0e018a6-7c57-877e-8e90-ec262bd1adf2', '22467c6f-bab2-2e6a-7de4-5af440b1a227', 'd6308c00-e730-a388-2abe-9882e1d00d54', '17de6228-34b9-bc53-ade4-d818cba96298'));
DELETE FROM tasks WHERE app_user_id = 'd759f32f-1b68-471b-8505-013b59fd1bf8' AND (title LIKE '[seed-v2]%' OR id IN ('66ed4c46-8c71-4273-3f2a-1a5269424b6a', 'a468f606-a296-8ab8-ba21-cc910f520ad6', '396eb574-7da4-be45-ea08-881e2b51cfd8', 'e7f407c3-7d0a-5fee-1490-7eab2a81769d', '9bccc49f-4205-176c-e503-d8fe3793ac6d', 'd52340c0-bfa8-739a-a1da-5140a78f243d', '0e1e2a37-6fff-c931-076f-3f799d8bf0fa', 'f6f5b3fc-8655-85e8-871a-03d89f709adf', '072a78d6-3b30-12bf-b64d-6485943c74a1', '35a5f05d-90a9-54fc-607e-6431244413bf', '33304ebb-aa85-b278-2db8-5182588ba2a9', '02dc2cb7-23cd-fbad-3c04-85aab8c18ff8', 'bda398d9-d7de-c024-9106-6f0835933308', '991e992c-3e28-a98d-7a9d-99b70d242b19', '548679e6-ecb9-94a9-273f-dd20df203d01', 'ae0326c5-9d8c-a4b9-9c10-3be65d598fc9', 'a069a2fb-87f5-cded-2fe9-9f8033602e75', '0926bc65-1280-000a-9efc-249d5cbe3a39', '8687c260-7973-0d4e-a39b-23d1448ed26d', '5d3298da-9127-639a-c19a-b7e243c72091', '100eadf2-a36d-4626-8a2a-ddea0cf40746', '34e57032-fcd9-9679-d0b3-8ec97a6acd97', '47fcbfb2-5a1c-0b5d-cc58-8780b9e471be', '3ad915fc-88e7-54ed-edf0-803546df5a49', '247c1b10-9c03-7e72-290b-ecd75c22a335', 'fadb90a6-93d3-fd4e-8dcb-9ae22c7aba5a', '71aa7ebf-762e-7e73-d0df-613a22cd2cf6', 'e20c0a9f-f467-9f24-7bb9-a028a1a2dc77', 'fff3839b-7cc7-cb65-e55b-04a4ae463595', '173700af-7621-d4f6-91a4-b14ebfceaef7', 'e271b23c-0d8a-7965-95f7-17da9c13d55a', 'de20fdb8-7787-7b45-ac85-07dd541f92c2', 'f06f9b4e-5b95-2b34-ad02-04ef7b488f15', '27b3b085-a878-5a74-26c3-0efa72584d1b', '153e795d-7090-8855-c504-c208ae8b5e12', 'ede75346-634f-e1b1-004e-ab153cda60e5', '94fb7455-ef63-f2e6-fca9-95734be204d7', 'b474468f-cf06-0309-8888-e478c74bf054', 'be4b9457-093b-0070-d216-2604294b7fec', '99d24cb4-3dd0-bc29-abdf-3e6059ad22b6', '331bf6af-a875-dc1b-6ead-d0611ab318cc', 'c545f824-1062-b74a-a45b-263ef35eddcc'));
DELETE FROM lists WHERE app_user_id = 'd759f32f-1b68-471b-8505-013b59fd1bf8' AND (name LIKE '[seed-v2]%' OR id IN ('328567ac-a9a1-a438-f83e-cbd25989d6fb', '3f93d5da-be22-a26a-fe09-bd6e31fb4631', 'b8340aae-bbc5-b246-7f19-56b3b871a2f9', '17c81907-54d1-2f4a-819a-d182fdf73957', 'efaf70a0-650c-e42b-e97e-91225563759b', 'ef27c3c8-d130-18be-c9f9-794833778f3b', 'dfd91914-74c4-064f-4b46-3f0f4f33ef8a', 'e132dfee-b783-5765-76cd-523532a82e69', 'a1e55a46-7298-7399-0fe6-db2c83e4ad33'));

-- Insert lists
INSERT INTO lists (id, app_user_id, name, source, source_message_id, created_at, updated_at, deleted_at, deleted_source, deleted_by_auth_user_id, import_candidates, is_system, system_key, is_starred) VALUES ('328567ac-a9a1-a438-f83e-cbd25989d6fb', 'd759f32f-1b68-471b-8505-013b59fd1bf8', '[seed-v2] Grocery', 'whatsapp', 'seed-v2-msg-list-1', '2026-03-20T09:00:00.000Z', '2026-03-20T09:00:00.000Z', NULL, NULL, NULL, NULL, FALSE, NULL, TRUE);
INSERT INTO lists (id, app_user_id, name, source, source_message_id, created_at, updated_at, deleted_at, deleted_source, deleted_by_auth_user_id, import_candidates, is_system, system_key, is_starred) VALUES ('3f93d5da-be22-a26a-fe09-bd6e31fb4631', 'd759f32f-1b68-471b-8505-013b59fd1bf8', '[seed-v2] Travel packing for Goa trip', 'web', 'seed-v2-msg-list-2', '2026-03-21T09:00:00.000Z', '2026-03-21T09:00:00.000Z', NULL, NULL, NULL, NULL, FALSE, NULL, TRUE);
INSERT INTO lists (id, app_user_id, name, source, source_message_id, created_at, updated_at, deleted_at, deleted_source, deleted_by_auth_user_id, import_candidates, is_system, system_key, is_starred) VALUES ('b8340aae-bbc5-b246-7f19-56b3b871a2f9', 'd759f32f-1b68-471b-8505-013b59fd1bf8', '[seed-v2] School admin', 'web', 'seed-v2-msg-list-3', '2026-03-22T09:00:00.000Z', '2026-03-22T09:00:00.000Z', NULL, NULL, NULL, NULL, FALSE, NULL, FALSE);
INSERT INTO lists (id, app_user_id, name, source, source_message_id, created_at, updated_at, deleted_at, deleted_source, deleted_by_auth_user_id, import_candidates, is_system, system_key, is_starred) VALUES ('17c81907-54d1-2f4a-819a-d182fdf73957', 'd759f32f-1b68-471b-8505-013b59fd1bf8', '[seed-v2] Pantry OCR import', 'ocr', 'seed-v2-msg-list-4', '2026-03-23T09:00:00.000Z', '2026-03-23T09:00:00.000Z', NULL, NULL, NULL, '["almonds","basmati rice","toor dal","paper napkins"]'::jsonb, FALSE, NULL, FALSE);
INSERT INTO lists (id, app_user_id, name, source, source_message_id, created_at, updated_at, deleted_at, deleted_source, deleted_by_auth_user_id, import_candidates, is_system, system_key, is_starred) VALUES ('efaf70a0-650c-e42b-e97e-91225563759b', 'd759f32f-1b68-471b-8505-013b59fd1bf8', '[seed-v2] Empty ideas list', 'web', 'seed-v2-msg-list-5', '2026-03-24T09:00:00.000Z', '2026-03-24T09:00:00.000Z', NULL, NULL, NULL, NULL, FALSE, NULL, FALSE);
INSERT INTO lists (id, app_user_id, name, source, source_message_id, created_at, updated_at, deleted_at, deleted_source, deleted_by_auth_user_id, import_candidates, is_system, system_key, is_starred) VALUES ('ef27c3c8-d130-18be-c9f9-794833778f3b', 'd759f32f-1b68-471b-8505-013b59fd1bf8', '[seed-v2] Deep storage items to check before festival hosting and guest setup', 'web', 'seed-v2-msg-list-6', '2026-03-25T09:00:00.000Z', '2026-03-25T09:00:00.000Z', NULL, NULL, NULL, NULL, FALSE, NULL, FALSE);
INSERT INTO lists (id, app_user_id, name, source, source_message_id, created_at, updated_at, deleted_at, deleted_source, deleted_by_auth_user_id, import_candidates, is_system, system_key, is_starred) VALUES ('dfd91914-74c4-064f-4b46-3f0f4f33ef8a', 'd759f32f-1b68-471b-8505-013b59fd1bf8', '[seed-v2] Archived spring cleaning', 'web', 'seed-v2-msg-list-7', '2026-03-26T09:00:00.000Z', '2026-03-26T09:00:00.000Z', '2026-03-25T09:00:00.000Z', 'web', NULL, NULL, FALSE, NULL, FALSE);
INSERT INTO lists (id, app_user_id, name, source, source_message_id, created_at, updated_at, deleted_at, deleted_source, deleted_by_auth_user_id, import_candidates, is_system, system_key, is_starred) VALUES ('e132dfee-b783-5765-76cd-523532a82e69', 'd759f32f-1b68-471b-8505-013b59fd1bf8', '[seed-v2] Extra list 1', 'web_keyboard', 'seed-v2-msg-list-extra-1', '2026-03-21T09:00:00.000Z', '2026-03-22T09:00:00.000Z', NULL, NULL, NULL, NULL, FALSE, NULL, TRUE);
INSERT INTO lists (id, app_user_id, name, source, source_message_id, created_at, updated_at, deleted_at, deleted_source, deleted_by_auth_user_id, import_candidates, is_system, system_key, is_starred) VALUES ('a1e55a46-7298-7399-0fe6-db2c83e4ad33', 'd759f32f-1b68-471b-8505-013b59fd1bf8', '[seed-v2] Extra list 2', 'web_brain_dump', 'seed-v2-msg-list-extra-2', '2026-03-22T09:00:00.000Z', '2026-03-23T09:00:00.000Z', NULL, NULL, NULL, NULL, FALSE, NULL, FALSE);

-- Insert list items
INSERT INTO list_items (id, app_user_id, list_id, text, normalized_text, is_done, source, created_at, updated_at, deleted_at) VALUES ('4ea1b2e2-d159-92ca-d6ed-428d3044d27b', 'd759f32f-1b68-471b-8505-013b59fd1bf8', '328567ac-a9a1-a438-f83e-cbd25989d6fb', '[seed-v2] tomatoes', 'seedv2 tomatoes', FALSE, 'whatsapp', '2026-03-24T09:00:00.000Z', '2026-03-25T09:00:00.000Z', NULL);
INSERT INTO list_items (id, app_user_id, list_id, text, normalized_text, is_done, source, created_at, updated_at, deleted_at) VALUES ('9124588f-56b9-a99c-41de-9f20cf49c8f3', 'd759f32f-1b68-471b-8505-013b59fd1bf8', '328567ac-a9a1-a438-f83e-cbd25989d6fb', '[seed-v2] coriander', 'seedv2 coriander', TRUE, 'whatsapp', '2026-03-24T09:00:00.000Z', '2026-03-25T09:00:00.000Z', NULL);
INSERT INTO list_items (id, app_user_id, list_id, text, normalized_text, is_done, source, created_at, updated_at, deleted_at) VALUES ('ce265ae4-d0c3-749b-eb28-22a9c2b15f59', 'd759f32f-1b68-471b-8505-013b59fd1bf8', '328567ac-a9a1-a438-f83e-cbd25989d6fb', '[seed-v2] greek yogurt', 'seedv2 greek yogurt', FALSE, 'whatsapp', '2026-03-24T09:00:00.000Z', '2026-03-25T09:00:00.000Z', NULL);
INSERT INTO list_items (id, app_user_id, list_id, text, normalized_text, is_done, source, created_at, updated_at, deleted_at) VALUES ('297c70d4-4f9a-7486-91ac-18bdc4559397', 'd759f32f-1b68-471b-8505-013b59fd1bf8', '328567ac-a9a1-a438-f83e-cbd25989d6fb', '[seed-v2] paneer', 'seedv2 paneer', FALSE, 'whatsapp', '2026-03-24T09:00:00.000Z', '2026-03-25T09:00:00.000Z', NULL);
INSERT INTO list_items (id, app_user_id, list_id, text, normalized_text, is_done, source, created_at, updated_at, deleted_at) VALUES ('dafc629d-f3c7-d54e-0706-7c2083f3f1aa', 'd759f32f-1b68-471b-8505-013b59fd1bf8', '328567ac-a9a1-a438-f83e-cbd25989d6fb', '[seed-v2] dishwasher tablets', 'seedv2 dishwasher tablets', FALSE, 'whatsapp', '2026-03-24T09:00:00.000Z', '2026-03-25T09:00:00.000Z', NULL);
INSERT INTO list_items (id, app_user_id, list_id, text, normalized_text, is_done, source, created_at, updated_at, deleted_at) VALUES ('fef65549-db93-0eab-6ce1-f3eb06910a17', 'd759f32f-1b68-471b-8505-013b59fd1bf8', '3f93d5da-be22-a26a-fe09-bd6e31fb4631', '[seed-v2] Ved night suit', 'seedv2 ved night suit', TRUE, 'web', '2026-03-24T09:00:00.000Z', '2026-03-25T09:00:00.000Z', NULL);
INSERT INTO list_items (id, app_user_id, list_id, text, normalized_text, is_done, source, created_at, updated_at, deleted_at) VALUES ('95517a2c-bf51-0912-e9c1-1b7d8fd0ef9d', 'd759f32f-1b68-471b-8505-013b59fd1bf8', '3f93d5da-be22-a26a-fe09-bd6e31fb4631', '[seed-v2] swim shorts', 'seedv2 swim shorts', FALSE, 'web', '2026-03-24T09:00:00.000Z', '2026-03-25T09:00:00.000Z', NULL);
INSERT INTO list_items (id, app_user_id, list_id, text, normalized_text, is_done, source, created_at, updated_at, deleted_at) VALUES ('0b774a9b-2711-326c-01bd-99bf3c8425fb', 'd759f32f-1b68-471b-8505-013b59fd1bf8', '3f93d5da-be22-a26a-fe09-bd6e31fb4631', '[seed-v2] phone charger', 'seedv2 phone charger', FALSE, 'web', '2026-03-24T09:00:00.000Z', '2026-03-25T09:00:00.000Z', NULL);
INSERT INTO list_items (id, app_user_id, list_id, text, normalized_text, is_done, source, created_at, updated_at, deleted_at) VALUES ('17cb3af9-ab41-e82d-eb59-008c6e10cf3a', 'd759f32f-1b68-471b-8505-013b59fd1bf8', '3f93d5da-be22-a26a-fe09-bd6e31fb4631', '[seed-v2] snacks for flight', 'seedv2 snacks for flight', FALSE, 'web', '2026-03-24T09:00:00.000Z', '2026-03-25T09:00:00.000Z', NULL);
INSERT INTO list_items (id, app_user_id, list_id, text, normalized_text, is_done, source, created_at, updated_at, deleted_at) VALUES ('721607ae-8291-8a21-4df4-8a472b2e58cb', 'd759f32f-1b68-471b-8505-013b59fd1bf8', '3f93d5da-be22-a26a-fe09-bd6e31fb4631', '[seed-v2] small medicines pouch', 'seedv2 small medicines pouch', FALSE, 'web', '2026-03-24T09:00:00.000Z', '2026-03-25T09:00:00.000Z', NULL);
INSERT INTO list_items (id, app_user_id, list_id, text, normalized_text, is_done, source, created_at, updated_at, deleted_at) VALUES ('eed8be5f-9d05-c56a-6679-dbd31974c419', 'd759f32f-1b68-471b-8505-013b59fd1bf8', 'b8340aae-bbc5-b246-7f19-56b3b871a2f9', '[seed-v2] submit transport form', 'seedv2 submit transport form', FALSE, 'web', '2026-03-24T09:00:00.000Z', '2026-03-25T09:00:00.000Z', NULL);
INSERT INTO list_items (id, app_user_id, list_id, text, normalized_text, is_done, source, created_at, updated_at, deleted_at) VALUES ('177510be-46a2-78d5-c3d9-f7c9f98cedd7', 'd759f32f-1b68-471b-8505-013b59fd1bf8', 'b8340aae-bbc5-b246-7f19-56b3b871a2f9', '[seed-v2] label extra uniform set', 'seedv2 label extra uniform set', FALSE, 'web', '2026-03-24T09:00:00.000Z', '2026-03-25T09:00:00.000Z', NULL);
INSERT INTO list_items (id, app_user_id, list_id, text, normalized_text, is_done, source, created_at, updated_at, deleted_at) VALUES ('03b5e2aa-204b-c90e-3a27-cc007b128187', 'd759f32f-1b68-471b-8505-013b59fd1bf8', 'b8340aae-bbc5-b246-7f19-56b3b871a2f9', '[seed-v2] pay activity fee online', 'seedv2 pay activity fee online', FALSE, 'web', '2026-03-24T09:00:00.000Z', '2026-03-25T09:00:00.000Z', NULL);
INSERT INTO list_items (id, app_user_id, list_id, text, normalized_text, is_done, source, created_at, updated_at, deleted_at) VALUES ('f3a4754b-c74d-6229-8f1e-556bab0059dc', 'd759f32f-1b68-471b-8505-013b59fd1bf8', '17c81907-54d1-2f4a-819a-d182fdf73957', '[seed-v2] almonds', 'seedv2 almonds', FALSE, 'ocr', '2026-03-24T09:00:00.000Z', '2026-03-25T09:00:00.000Z', NULL);
INSERT INTO list_items (id, app_user_id, list_id, text, normalized_text, is_done, source, created_at, updated_at, deleted_at) VALUES ('a612f6db-33a4-c243-1174-27a5d1270a8e', 'd759f32f-1b68-471b-8505-013b59fd1bf8', '17c81907-54d1-2f4a-819a-d182fdf73957', '[seed-v2] basmati rice', 'seedv2 basmati rice', FALSE, 'ocr', '2026-03-24T09:00:00.000Z', '2026-03-25T09:00:00.000Z', NULL);
INSERT INTO list_items (id, app_user_id, list_id, text, normalized_text, is_done, source, created_at, updated_at, deleted_at) VALUES ('04bedc53-32ee-0d3a-08e1-6a0a34970868', 'd759f32f-1b68-471b-8505-013b59fd1bf8', '17c81907-54d1-2f4a-819a-d182fdf73957', '[seed-v2] toor dal', 'seedv2 toor dal', TRUE, 'ocr', '2026-03-24T09:00:00.000Z', '2026-03-25T09:00:00.000Z', NULL);
INSERT INTO list_items (id, app_user_id, list_id, text, normalized_text, is_done, source, created_at, updated_at, deleted_at) VALUES ('1c78d356-1e7f-3cd5-275c-d23faf9c0177', 'd759f32f-1b68-471b-8505-013b59fd1bf8', '17c81907-54d1-2f4a-819a-d182fdf73957', '[seed-v2] paper napkins', 'seedv2 paper napkins', FALSE, 'ocr', '2026-03-24T09:00:00.000Z', '2026-03-25T09:00:00.000Z', NULL);
INSERT INTO list_items (id, app_user_id, list_id, text, normalized_text, is_done, source, created_at, updated_at, deleted_at) VALUES ('19dd479c-4f4c-2bac-c7e2-fc8addf1fe06', 'd759f32f-1b68-471b-8505-013b59fd1bf8', '17c81907-54d1-2f4a-819a-d182fdf73957', '[seed-v2] cling wrap', 'seedv2 cling wrap', FALSE, 'ocr', '2026-03-24T09:00:00.000Z', '2026-03-25T09:00:00.000Z', NULL);
INSERT INTO list_items (id, app_user_id, list_id, text, normalized_text, is_done, source, created_at, updated_at, deleted_at) VALUES ('19ee37d1-89b7-f43c-6598-2f0f8c33d821', 'd759f32f-1b68-471b-8505-013b59fd1bf8', 'ef27c3c8-d130-18be-c9f9-794833778f3b', '[seed-v2] extra floor cushions', 'seedv2 extra floor cushions', FALSE, 'web', '2026-03-24T09:00:00.000Z', '2026-03-25T09:00:00.000Z', NULL);
INSERT INTO list_items (id, app_user_id, list_id, text, normalized_text, is_done, source, created_at, updated_at, deleted_at) VALUES ('b8b12fe5-3236-ebf6-cb00-e284aa71b7b8', 'd759f32f-1b68-471b-8505-013b59fd1bf8', 'ef27c3c8-d130-18be-c9f9-794833778f3b', '[seed-v2] guest bath towels', 'seedv2 guest bath towels', FALSE, 'web', '2026-03-24T09:00:00.000Z', '2026-03-25T09:00:00.000Z', NULL);
INSERT INTO list_items (id, app_user_id, list_id, text, normalized_text, is_done, source, created_at, updated_at, deleted_at) VALUES ('a953792c-f7bf-ddb8-866e-b881e226013f', 'd759f32f-1b68-471b-8505-013b59fd1bf8', 'ef27c3c8-d130-18be-c9f9-794833778f3b', '[seed-v2] festive serving bowls', 'seedv2 festive serving bowls', FALSE, 'web', '2026-03-24T09:00:00.000Z', '2026-03-25T09:00:00.000Z', NULL);
INSERT INTO list_items (id, app_user_id, list_id, text, normalized_text, is_done, source, created_at, updated_at, deleted_at) VALUES ('ab6b8c76-c231-09d4-3c5c-3dbf30d297d2', 'd759f32f-1b68-471b-8505-013b59fd1bf8', 'ef27c3c8-d130-18be-c9f9-794833778f3b', '[seed-v2] string lights for balcony railing and dining shelf because the usual box is not labelled clearly', 'seedv2 string lights for balcony railing and dining shelf because the usual box is not labelled clearly', FALSE, 'web', '2026-03-24T09:00:00.000Z', '2026-03-25T09:00:00.000Z', NULL);
INSERT INTO list_items (id, app_user_id, list_id, text, normalized_text, is_done, source, created_at, updated_at, deleted_at) VALUES ('00380443-bc45-11c7-c1b3-8416e9ce0442', 'd759f32f-1b68-471b-8505-013b59fd1bf8', '328567ac-a9a1-a438-f83e-cbd25989d6fb', '[seed-v2] Extra item 1 for [seed-v2] Grocery', 'seedv2 extra item 1 for seedv2 grocery', TRUE, 'whatsapp', '2026-03-25T09:00:00.000Z', '2026-03-26T09:00:00.000Z', '2026-03-27T09:00:00.000Z');
INSERT INTO list_items (id, app_user_id, list_id, text, normalized_text, is_done, source, created_at, updated_at, deleted_at) VALUES ('6ab0b867-3f1b-b22d-f8e6-a6764e5bcea2', 'd759f32f-1b68-471b-8505-013b59fd1bf8', '3f93d5da-be22-a26a-fe09-bd6e31fb4631', '[seed-v2] Extra item 2 for [seed-v2] Travel packing for Goa trip', 'seedv2 extra item 2 for seedv2 travel packing for goa trip', FALSE, 'web', '2026-03-25T09:00:00.000Z', '2026-03-26T09:00:00.000Z', NULL);
INSERT INTO list_items (id, app_user_id, list_id, text, normalized_text, is_done, source, created_at, updated_at, deleted_at) VALUES ('c1879040-30d8-4d2b-262b-95b54b42c3d4', 'd759f32f-1b68-471b-8505-013b59fd1bf8', 'b8340aae-bbc5-b246-7f19-56b3b871a2f9', '[seed-v2] Extra item 3 for [seed-v2] School admin', 'seedv2 extra item 3 for seedv2 school admin', FALSE, 'web', '2026-03-25T09:00:00.000Z', '2026-03-26T09:00:00.000Z', NULL);
INSERT INTO list_items (id, app_user_id, list_id, text, normalized_text, is_done, source, created_at, updated_at, deleted_at) VALUES ('411eba1b-bc4a-055c-7954-5c0655cb8158', 'd759f32f-1b68-471b-8505-013b59fd1bf8', '17c81907-54d1-2f4a-819a-d182fdf73957', '[seed-v2] Extra item 4 for [seed-v2] Pantry OCR import', 'seedv2 extra item 4 for seedv2 pantry ocr import', FALSE, 'ocr', '2026-03-25T09:00:00.000Z', '2026-03-26T09:00:00.000Z', NULL);
INSERT INTO list_items (id, app_user_id, list_id, text, normalized_text, is_done, source, created_at, updated_at, deleted_at) VALUES ('4d17293b-7ff7-518b-c25d-fc6fbd534801', 'd759f32f-1b68-471b-8505-013b59fd1bf8', 'efaf70a0-650c-e42b-e97e-91225563759b', '[seed-v2] Extra item 5 for [seed-v2] Empty ideas list', 'seedv2 extra item 5 for seedv2 empty ideas list', FALSE, 'web', '2026-03-25T09:00:00.000Z', '2026-03-26T09:00:00.000Z', NULL);
INSERT INTO list_items (id, app_user_id, list_id, text, normalized_text, is_done, source, created_at, updated_at, deleted_at) VALUES ('8c166306-da7e-5bce-fa24-4ecebbec1f03', 'd759f32f-1b68-471b-8505-013b59fd1bf8', '328567ac-a9a1-a438-f83e-cbd25989d6fb', '[seed-v2] Extra item 6 for [seed-v2] Grocery', 'seedv2 extra item 6 for seedv2 grocery', TRUE, 'whatsapp', '2026-03-25T09:00:00.000Z', '2026-03-26T09:00:00.000Z', NULL);
INSERT INTO list_items (id, app_user_id, list_id, text, normalized_text, is_done, source, created_at, updated_at, deleted_at) VALUES ('f0e018a6-7c57-877e-8e90-ec262bd1adf2', 'd759f32f-1b68-471b-8505-013b59fd1bf8', '3f93d5da-be22-a26a-fe09-bd6e31fb4631', '[seed-v2] Extra item 7 for [seed-v2] Travel packing for Goa trip', 'seedv2 extra item 7 for seedv2 travel packing for goa trip', FALSE, 'web', '2026-03-25T09:00:00.000Z', '2026-03-26T09:00:00.000Z', NULL);
INSERT INTO list_items (id, app_user_id, list_id, text, normalized_text, is_done, source, created_at, updated_at, deleted_at) VALUES ('22467c6f-bab2-2e6a-7de4-5af440b1a227', 'd759f32f-1b68-471b-8505-013b59fd1bf8', 'b8340aae-bbc5-b246-7f19-56b3b871a2f9', '[seed-v2] Extra item 8 for [seed-v2] School admin', 'seedv2 extra item 8 for seedv2 school admin', FALSE, 'web', '2026-03-25T09:00:00.000Z', '2026-03-26T09:00:00.000Z', NULL);
INSERT INTO list_items (id, app_user_id, list_id, text, normalized_text, is_done, source, created_at, updated_at, deleted_at) VALUES ('d6308c00-e730-a388-2abe-9882e1d00d54', 'd759f32f-1b68-471b-8505-013b59fd1bf8', '17c81907-54d1-2f4a-819a-d182fdf73957', '[seed-v2] Extra item 9 for [seed-v2] Pantry OCR import', 'seedv2 extra item 9 for seedv2 pantry ocr import', FALSE, 'ocr', '2026-03-25T09:00:00.000Z', '2026-03-26T09:00:00.000Z', NULL);
INSERT INTO list_items (id, app_user_id, list_id, text, normalized_text, is_done, source, created_at, updated_at, deleted_at) VALUES ('17de6228-34b9-bc53-ade4-d818cba96298', 'd759f32f-1b68-471b-8505-013b59fd1bf8', 'efaf70a0-650c-e42b-e97e-91225563759b', '[seed-v2] Extra item 10 for [seed-v2] Empty ideas list', 'seedv2 extra item 10 for seedv2 empty ideas list', FALSE, 'web', '2026-03-25T09:00:00.000Z', '2026-03-26T09:00:00.000Z', NULL);

-- Insert tasks
INSERT INTO tasks (id, user_id, app_user_id, title, category, due_date, due_time, due_at, is_done, status, source, source_message_id, inferred_date, inferred_time, created_at, updated_at, deleted_at) VALUES ('66ed4c46-8c71-4273-3f2a-1a5269424b6a', '2105c18b-f0ed-4afd-aefa-8e42b4bcec71', 'd759f32f-1b68-471b-8505-013b59fd1bf8', '[seed-v2] Pay electricity bill', 'Personal', '2026-03-24', '09:00:00', '2026-03-24T09:00:00Z', FALSE, 'active', 'web_keyboard', NULL, FALSE, FALSE, '2026-03-14T09:00:00.000Z', '2026-03-14T09:00:00.000Z', NULL);
INSERT INTO tasks (id, user_id, app_user_id, title, category, due_date, due_time, due_at, is_done, status, source, source_message_id, inferred_date, inferred_time, created_at, updated_at, deleted_at) VALUES ('a468f606-a296-8ab8-ba21-cc910f520ad6', '2105c18b-f0ed-4afd-aefa-8e42b4bcec71', 'd759f32f-1b68-471b-8505-013b59fd1bf8', '[seed-v2] Renew car insurance', 'Admin', '2026-03-26', NULL, '2026-03-26T20:00:00Z', FALSE, 'active', 'whatsapp_text', NULL, TRUE, FALSE, '2026-03-15T09:00:00.000Z', '2026-03-15T09:00:00.000Z', NULL);
INSERT INTO tasks (id, user_id, app_user_id, title, category, due_date, due_time, due_at, is_done, status, source, source_message_id, inferred_date, inferred_time, created_at, updated_at, deleted_at) VALUES ('396eb574-7da4-be45-ea08-881e2b51cfd8', '2105c18b-f0ed-4afd-aefa-8e42b4bcec71', 'd759f32f-1b68-471b-8505-013b59fd1bf8', '[seed-v2] Pack Ved swimming bag', 'Tasks', '2026-03-27', '07:30:00', '2026-03-27T07:30:00Z', FALSE, 'active', 'web_keyboard', NULL, FALSE, FALSE, '2026-03-16T09:00:00.000Z', '2026-03-16T09:00:00.000Z', NULL);
INSERT INTO tasks (id, user_id, app_user_id, title, category, due_date, due_time, due_at, is_done, status, source, source_message_id, inferred_date, inferred_time, created_at, updated_at, deleted_at) VALUES ('e7f407c3-7d0a-5fee-1490-7eab2a81769d', '2105c18b-f0ed-4afd-aefa-8e42b4bcec71', 'd759f32f-1b68-471b-8505-013b59fd1bf8', '[seed-v2] Send school fee receipt', 'Admin', '2026-03-27', '10:15:00', '2026-03-27T10:15:00Z', FALSE, 'active', 'whatsapp_text', NULL, FALSE, TRUE, '2026-03-17T09:00:00.000Z', '2026-03-17T09:00:00.000Z', NULL);
INSERT INTO tasks (id, user_id, app_user_id, title, category, due_date, due_time, due_at, is_done, status, source, source_message_id, inferred_date, inferred_time, created_at, updated_at, deleted_at) VALUES ('9bccc49f-4205-176c-e503-d8fe3793ac6d', '2105c18b-f0ed-4afd-aefa-8e42b4bcec71', 'd759f32f-1b68-471b-8505-013b59fd1bf8', '[seed-v2] Order vegetables for dinner', 'Home', '2026-03-27', '17:30:00', '2026-03-27T17:30:00Z', FALSE, 'active', 'web_keyboard', NULL, FALSE, FALSE, '2026-03-18T09:00:00.000Z', '2026-03-18T09:00:00.000Z', NULL);
INSERT INTO tasks (id, user_id, app_user_id, title, category, due_date, due_time, due_at, is_done, status, source, source_message_id, inferred_date, inferred_time, created_at, updated_at, deleted_at) VALUES ('d52340c0-bfa8-739a-a1da-5140a78f243d', '2105c18b-f0ed-4afd-aefa-8e42b4bcec71', 'd759f32f-1b68-471b-8505-013b59fd1bf8', '[seed-v2] Refill protein powder', 'Health', '2026-03-27', NULL, '2026-03-27T20:00:00Z', FALSE, 'active', 'web_brain_dump', NULL, FALSE, TRUE, '2026-03-19T09:00:00.000Z', '2026-03-19T09:00:00.000Z', NULL);
INSERT INTO tasks (id, user_id, app_user_id, title, category, due_date, due_time, due_at, is_done, status, source, source_message_id, inferred_date, inferred_time, created_at, updated_at, deleted_at) VALUES ('0e1e2a37-6fff-c931-076f-3f799d8bf0fa', '2105c18b-f0ed-4afd-aefa-8e42b4bcec71', 'd759f32f-1b68-471b-8505-013b59fd1bf8', '[seed-v2] Book pest control visit', 'Home', '2026-03-28', '11:00:00', '2026-03-28T11:00:00Z', FALSE, 'active', 'web_keyboard', NULL, FALSE, FALSE, '2026-03-20T09:00:00.000Z', '2026-03-20T09:00:00.000Z', NULL);
INSERT INTO tasks (id, user_id, app_user_id, title, category, due_date, due_time, due_at, is_done, status, source, source_message_id, inferred_date, inferred_time, created_at, updated_at, deleted_at) VALUES ('f6f5b3fc-8655-85e8-871a-03d89f709adf', '2105c18b-f0ed-4afd-aefa-8e42b4bcec71', 'd759f32f-1b68-471b-8505-013b59fd1bf8', '[seed-v2] Review mockups for calm home screen', 'Work', '2026-03-28', '14:00:00', '2026-03-28T14:00:00Z', FALSE, 'active', 'web_brain_dump', NULL, FALSE, FALSE, '2026-03-21T09:00:00.000Z', '2026-03-21T09:00:00.000Z', NULL);
INSERT INTO tasks (id, user_id, app_user_id, title, category, due_date, due_time, due_at, is_done, status, source, source_message_id, inferred_date, inferred_time, created_at, updated_at, deleted_at) VALUES ('072a78d6-3b30-12bf-b64d-6485943c74a1', '2105c18b-f0ed-4afd-aefa-8e42b4bcec71', 'd759f32f-1b68-471b-8505-013b59fd1bf8', '[seed-v2] Follow up with carpenter', 'Home', '2026-03-29', NULL, '2026-03-29T20:00:00Z', FALSE, 'active', 'whatsapp_text', NULL, TRUE, FALSE, '2026-03-22T09:00:00.000Z', '2026-03-22T09:00:00.000Z', NULL);
INSERT INTO tasks (id, user_id, app_user_id, title, category, due_date, due_time, due_at, is_done, status, source, source_message_id, inferred_date, inferred_time, created_at, updated_at, deleted_at) VALUES ('35a5f05d-90a9-54fc-607e-6431244413bf', '2105c18b-f0ed-4afd-aefa-8e42b4bcec71', 'd759f32f-1b68-471b-8505-013b59fd1bf8', '[seed-v2] Buy return-gift wrapping paper', 'Shopping', '2026-03-30', '16:30:00', '2026-03-30T16:30:00Z', FALSE, 'active', 'web_keyboard', NULL, FALSE, FALSE, '2026-03-23T09:00:00.000Z', '2026-03-23T09:00:00.000Z', NULL);
INSERT INTO tasks (id, user_id, app_user_id, title, category, due_date, due_time, due_at, is_done, status, source, source_message_id, inferred_date, inferred_time, created_at, updated_at, deleted_at) VALUES ('33304ebb-aa85-b278-2db8-5182588ba2a9', '2105c18b-f0ed-4afd-aefa-8e42b4bcec71', 'd759f32f-1b68-471b-8505-013b59fd1bf8', '[seed-v2] Plan breakfast menu for Sunday guests', 'Meals', '2026-04-01', NULL, '2026-04-01T20:00:00Z', FALSE, 'active', 'web_brain_dump', NULL, FALSE, FALSE, '2026-03-24T09:00:00.000Z', '2026-03-24T09:00:00.000Z', NULL);
INSERT INTO tasks (id, user_id, app_user_id, title, category, due_date, due_time, due_at, is_done, status, source, source_message_id, inferred_date, inferred_time, created_at, updated_at, deleted_at) VALUES ('02dc2cb7-23cd-fbad-3c04-85aab8c18ff8', '2105c18b-f0ed-4afd-aefa-8e42b4bcec71', 'd759f32f-1b68-471b-8505-013b59fd1bf8', '[seed-v2] Upload final invoice to drive folder', 'Admin', '2026-04-07', '13:00:00', '2026-04-07T13:00:00Z', FALSE, 'active', 'web_keyboard', NULL, FALSE, FALSE, '2026-03-25T09:00:00.000Z', '2026-03-25T09:00:00.000Z', NULL);
INSERT INTO tasks (id, user_id, app_user_id, title, category, due_date, due_time, due_at, is_done, status, source, source_message_id, inferred_date, inferred_time, created_at, updated_at, deleted_at) VALUES ('bda398d9-d7de-c024-9106-6f0835933308', '2105c18b-f0ed-4afd-aefa-8e42b4bcec71', 'd759f32f-1b68-471b-8505-013b59fd1bf8', '[seed-v2] Check school holiday schedule April', 'Tasks', '2026-04-09', NULL, '2026-04-09T20:00:00Z', FALSE, 'active', 'whatsapp_text', NULL, FALSE, FALSE, '2026-03-26T09:00:00.000Z', '2026-03-26T09:00:00.000Z', NULL);
INSERT INTO tasks (id, user_id, app_user_id, title, category, due_date, due_time, due_at, is_done, status, source, source_message_id, inferred_date, inferred_time, created_at, updated_at, deleted_at) VALUES ('991e992c-3e28-a98d-7a9d-99b70d242b19', '2105c18b-f0ed-4afd-aefa-8e42b4bcec71', 'd759f32f-1b68-471b-8505-013b59fd1bf8', '[seed-v2] Pay society maintenance fee', 'Finance', '2026-04-10', '09:00:00', '2026-04-10T09:00:00Z', FALSE, 'active', 'web_keyboard', NULL, FALSE, FALSE, '2026-03-26T09:00:00.000Z', '2026-03-26T09:00:00.000Z', NULL);
INSERT INTO tasks (id, user_id, app_user_id, title, category, due_date, due_time, due_at, is_done, status, source, source_message_id, inferred_date, inferred_time, created_at, updated_at, deleted_at) VALUES ('548679e6-ecb9-94a9-273f-dd20df203d01', '2105c18b-f0ed-4afd-aefa-8e42b4bcec71', 'd759f32f-1b68-471b-8505-013b59fd1bf8', '[seed-v2] Plan Goa packing list', 'Personal', '2026-04-15', NULL, '2026-04-15T20:00:00Z', FALSE, 'active', 'web_brain_dump', NULL, FALSE, FALSE, '2026-03-26T09:00:00.000Z', '2026-03-26T09:00:00.000Z', NULL);
INSERT INTO tasks (id, user_id, app_user_id, title, category, due_date, due_time, due_at, is_done, status, source, source_message_id, inferred_date, inferred_time, created_at, updated_at, deleted_at) VALUES ('ae0326c5-9d8c-a4b9-9c10-3be65d598fc9', '2105c18b-f0ed-4afd-aefa-8e42b4bcec71', 'd759f32f-1b68-471b-8505-013b59fd1bf8', '[seed-v2] Book train tickets for summer trip', 'Personal', '2026-04-20', '10:00:00', '2026-04-20T10:00:00Z', FALSE, 'active', 'whatsapp_media', NULL, FALSE, FALSE, '2026-03-26T09:00:00.000Z', '2026-03-26T09:00:00.000Z', NULL);
INSERT INTO tasks (id, user_id, app_user_id, title, category, due_date, due_time, due_at, is_done, status, source, source_message_id, inferred_date, inferred_time, created_at, updated_at, deleted_at) VALUES ('a069a2fb-87f5-cded-2fe9-9f8033602e75', '2105c18b-f0ed-4afd-aefa-8e42b4bcec71', 'd759f32f-1b68-471b-8505-013b59fd1bf8', '[seed-v2] Compare stroller rain cover options', 'Shopping', NULL, NULL, NULL, FALSE, 'active', 'whatsapp_text', NULL, FALSE, FALSE, '2026-03-26T09:00:00.000Z', '2026-03-26T09:00:00.000Z', NULL);
INSERT INTO tasks (id, user_id, app_user_id, title, category, due_date, due_time, due_at, is_done, status, source, source_message_id, inferred_date, inferred_time, created_at, updated_at, deleted_at) VALUES ('0926bc65-1280-000a-9efc-249d5cbe3a39', '2105c18b-f0ed-4afd-aefa-8e42b4bcec71', 'd759f32f-1b68-471b-8505-013b59fd1bf8', '[seed-v2] Collect dry cleaning', 'Shopping', NULL, NULL, NULL, FALSE, 'active', 'web_keyboard', NULL, FALSE, FALSE, '2026-03-26T09:00:00.000Z', '2026-03-26T09:00:00.000Z', NULL);
INSERT INTO tasks (id, user_id, app_user_id, title, category, due_date, due_time, due_at, is_done, status, source, source_message_id, inferred_date, inferred_time, created_at, updated_at, deleted_at) VALUES ('8687c260-7973-0d4e-a39b-23d1448ed26d', '2105c18b-f0ed-4afd-aefa-8e42b4bcec71', 'd759f32f-1b68-471b-8505-013b59fd1bf8', '[seed-v2] Research summer camp options for Ved', 'Tasks', NULL, NULL, NULL, FALSE, 'active', 'web_brain_dump', NULL, FALSE, FALSE, '2026-03-26T09:00:00.000Z', '2026-03-26T09:00:00.000Z', NULL);
INSERT INTO tasks (id, user_id, app_user_id, title, category, due_date, due_time, due_at, is_done, status, source, source_message_id, inferred_date, inferred_time, created_at, updated_at, deleted_at) VALUES ('5d3298da-9127-639a-c19a-b7e243c72091', '2105c18b-f0ed-4afd-aefa-8e42b4bcec71', 'd759f32f-1b68-471b-8505-013b59fd1bf8', '[seed-v2] Read 15 pages of current book', 'Personal', '2026-03-25', NULL, '2026-03-25T20:00:00Z', TRUE, 'completed', 'web_keyboard', NULL, FALSE, FALSE, '2026-03-26T09:00:00.000Z', '2026-03-26T09:00:00.000Z', NULL);
INSERT INTO tasks (id, user_id, app_user_id, title, category, due_date, due_time, due_at, is_done, status, source, source_message_id, inferred_date, inferred_time, created_at, updated_at, deleted_at) VALUES ('100eadf2-a36d-4626-8a2a-ddea0cf40746', '2105c18b-f0ed-4afd-aefa-8e42b4bcec71', 'd759f32f-1b68-471b-8505-013b59fd1bf8', '[seed-v2] Confirm playdate timing with Aditi', 'Tasks', '2026-03-27', '12:00:00', '2026-03-27T12:00:00Z', TRUE, 'completed', 'whatsapp_text', NULL, FALSE, FALSE, '2026-03-26T09:00:00.000Z', '2026-03-26T09:00:00.000Z', NULL);
INSERT INTO tasks (id, user_id, app_user_id, title, category, due_date, due_time, due_at, is_done, status, source, source_message_id, inferred_date, inferred_time, created_at, updated_at, deleted_at) VALUES ('34e57032-fcd9-9679-d0b3-8ec97a6acd97', '2105c18b-f0ed-4afd-aefa-8e42b4bcec71', 'd759f32f-1b68-471b-8505-013b59fd1bf8', '[seed-v2] Submit Q1 expense report', 'Finance', '2026-03-23', NULL, '2026-03-23T20:00:00Z', TRUE, 'completed', 'web_keyboard', NULL, FALSE, FALSE, '2026-03-26T09:00:00.000Z', '2026-03-26T09:00:00.000Z', NULL);
INSERT INTO tasks (id, user_id, app_user_id, title, category, due_date, due_time, due_at, is_done, status, source, source_message_id, inferred_date, inferred_time, created_at, updated_at, deleted_at) VALUES ('47fcbfb2-5a1c-0b5d-cc58-8780b9e471be', '2105c18b-f0ed-4afd-aefa-8e42b4bcec71', 'd759f32f-1b68-471b-8505-013b59fd1bf8', '[seed-v2] Move winter jackets to upper shelf', 'Home', NULL, NULL, NULL, FALSE, 'active', 'web_keyboard', NULL, FALSE, FALSE, '2026-03-26T09:00:00.000Z', '2026-03-26T09:00:00.000Z', '2026-03-26T09:00:00.000Z');
INSERT INTO tasks (id, user_id, app_user_id, title, category, due_date, due_time, due_at, is_done, status, source, source_message_id, inferred_date, inferred_time, created_at, updated_at, deleted_at) VALUES ('3ad915fc-88e7-54ed-edf0-803546df5a49', '2105c18b-f0ed-4afd-aefa-8e42b4bcec71', 'd759f32f-1b68-471b-8505-013b59fd1bf8', '[seed-v2] Fix bedside lamp or replace bulb before guests come over this weekend because the current warm light flickers intermittently', 'Home', '2026-03-29', '19:15:00', '2026-03-29T19:15:00Z', FALSE, 'active', 'web_brain_dump', NULL, FALSE, FALSE, '2026-03-26T09:00:00.000Z', '2026-03-26T09:00:00.000Z', NULL);
INSERT INTO tasks (id, user_id, app_user_id, title, category, due_date, due_time, due_at, is_done, status, source, source_message_id, inferred_date, inferred_time, created_at, updated_at, deleted_at) VALUES ('247c1b10-9c03-7e72-290b-ecd75c22a335', '2105c18b-f0ed-4afd-aefa-8e42b4bcec71', 'd759f32f-1b68-471b-8505-013b59fd1bf8', '[seed-v2] Pick up coriander', 'Meals', '2026-03-27', NULL, '2026-03-27T20:00:00Z', FALSE, 'active', 'whatsapp_text', NULL, FALSE, FALSE, '2026-03-26T09:00:00.000Z', '2026-03-26T09:00:00.000Z', NULL);
INSERT INTO tasks (id, user_id, app_user_id, title, category, due_date, due_time, due_at, is_done, status, source, source_message_id, inferred_date, inferred_time, created_at, updated_at, deleted_at) VALUES ('fadb90a6-93d3-fd4e-8dcb-9ae22c7aba5a', '2105c18b-f0ed-4afd-aefa-8e42b4bcec71', 'd759f32f-1b68-471b-8505-013b59fd1bf8', '[seed-v2] Pick up coriander for chutney', 'Meals', '2026-03-28', NULL, '2026-03-28T20:00:00Z', FALSE, 'active', 'whatsapp_text', NULL, FALSE, FALSE, '2026-03-26T09:00:00.000Z', '2026-03-26T09:00:00.000Z', NULL);
INSERT INTO tasks (id, user_id, app_user_id, title, category, due_date, due_time, due_at, is_done, status, source, source_message_id, inferred_date, inferred_time, created_at, updated_at, deleted_at) VALUES ('71aa7ebf-762e-7e73-d0df-613a22cd2cf6', '2105c18b-f0ed-4afd-aefa-8e42b4bcec71', 'd759f32f-1b68-471b-8505-013b59fd1bf8', '[seed-v2] Extra task 1 for UI density and scroll validation', 'Home', NULL, '09:15:00', NULL, TRUE, 'completed', 'web_keyboard', NULL, TRUE, TRUE, '2026-03-17T09:00:00.000Z', '2026-03-19T09:00:00.000Z', '2026-03-26T09:00:00.000Z');
INSERT INTO tasks (id, user_id, app_user_id, title, category, due_date, due_time, due_at, is_done, status, source, source_message_id, inferred_date, inferred_time, created_at, updated_at, deleted_at) VALUES ('e20c0a9f-f467-9f24-7bb9-a028a1a2dc77', '2105c18b-f0ed-4afd-aefa-8e42b4bcec71', 'd759f32f-1b68-471b-8505-013b59fd1bf8', '[seed-v2] Extra task 2 for UI density and scroll validation', 'Admin', '2026-03-28', NULL, '2026-03-28T20:00:00Z', FALSE, 'active', 'web_brain_dump', NULL, FALSE, FALSE, '2026-03-18T09:00:00.000Z', '2026-03-20T09:00:00.000Z', NULL);
INSERT INTO tasks (id, user_id, app_user_id, title, category, due_date, due_time, due_at, is_done, status, source, source_message_id, inferred_date, inferred_time, created_at, updated_at, deleted_at) VALUES ('fff3839b-7cc7-cb65-e55b-04a4ae463595', '2105c18b-f0ed-4afd-aefa-8e42b4bcec71', 'd759f32f-1b68-471b-8505-013b59fd1bf8', '[seed-v2] Extra task 3 for UI density and scroll validation', 'Tasks', '2026-03-29', NULL, '2026-03-29T20:00:00Z', FALSE, 'active', 'whatsapp_text', NULL, FALSE, FALSE, '2026-03-19T09:00:00.000Z', '2026-03-21T09:00:00.000Z', NULL);
INSERT INTO tasks (id, user_id, app_user_id, title, category, due_date, due_time, due_at, is_done, status, source, source_message_id, inferred_date, inferred_time, created_at, updated_at, deleted_at) VALUES ('173700af-7621-d4f6-91a4-b14ebfceaef7', '2105c18b-f0ed-4afd-aefa-8e42b4bcec71', 'd759f32f-1b68-471b-8505-013b59fd1bf8', '[seed-v2] Extra task 4 for UI density and scroll validation', 'Meals', '2026-03-30', '12:15:00', '2026-03-30T12:15:00Z', FALSE, 'active', 'web_keyboard', NULL, FALSE, FALSE, '2026-03-20T09:00:00.000Z', '2026-03-22T09:00:00.000Z', NULL);
INSERT INTO tasks (id, user_id, app_user_id, title, category, due_date, due_time, due_at, is_done, status, source, source_message_id, inferred_date, inferred_time, created_at, updated_at, deleted_at) VALUES ('e271b23c-0d8a-7965-95f7-17da9c13d55a', '2105c18b-f0ed-4afd-aefa-8e42b4bcec71', 'd759f32f-1b68-471b-8505-013b59fd1bf8', '[seed-v2] Extra task 5 for UI density and scroll validation', 'Work', '2026-03-31', NULL, '2026-03-31T20:00:00Z', FALSE, 'active', 'web_media', NULL, TRUE, FALSE, '2026-03-21T09:00:00.000Z', '2026-03-23T09:00:00.000Z', NULL);
INSERT INTO tasks (id, user_id, app_user_id, title, category, due_date, due_time, due_at, is_done, status, source, source_message_id, inferred_date, inferred_time, created_at, updated_at, deleted_at) VALUES ('de20fdb8-7787-7b45-ac85-07dd541f92c2', '2105c18b-f0ed-4afd-aefa-8e42b4bcec71', 'd759f32f-1b68-471b-8505-013b59fd1bf8', '[seed-v2] Extra task 6 for UI density and scroll validation', 'Shopping', NULL, NULL, NULL, FALSE, 'active', 'web_keyboard', NULL, FALSE, FALSE, '2026-03-17T09:00:00.000Z', '2026-03-19T09:00:00.000Z', NULL);
INSERT INTO tasks (id, user_id, app_user_id, title, category, due_date, due_time, due_at, is_done, status, source, source_message_id, inferred_date, inferred_time, created_at, updated_at, deleted_at) VALUES ('f06f9b4e-5b95-2b34-ad02-04ef7b488f15', '2105c18b-f0ed-4afd-aefa-8e42b4bcec71', 'd759f32f-1b68-471b-8505-013b59fd1bf8', '[seed-v2] Extra task 7 for UI density and scroll validation', 'Home', '2026-04-02', '15:15:00', '2026-04-02T15:15:00Z', FALSE, 'active', 'web_brain_dump', NULL, FALSE, TRUE, '2026-03-18T09:00:00.000Z', '2026-03-20T09:00:00.000Z', NULL);
INSERT INTO tasks (id, user_id, app_user_id, title, category, due_date, due_time, due_at, is_done, status, source, source_message_id, inferred_date, inferred_time, created_at, updated_at, deleted_at) VALUES ('27b3b085-a878-5a74-26c3-0efa72584d1b', '2105c18b-f0ed-4afd-aefa-8e42b4bcec71', 'd759f32f-1b68-471b-8505-013b59fd1bf8', '[seed-v2] Extra task 8 for UI density and scroll validation', 'Admin', '2026-04-03', NULL, '2026-04-03T20:00:00Z', FALSE, 'active', 'whatsapp_text', NULL, FALSE, FALSE, '2026-03-19T09:00:00.000Z', '2026-03-21T09:00:00.000Z', NULL);
INSERT INTO tasks (id, user_id, app_user_id, title, category, due_date, due_time, due_at, is_done, status, source, source_message_id, inferred_date, inferred_time, created_at, updated_at, deleted_at) VALUES ('153e795d-7090-8855-c504-c208ae8b5e12', '2105c18b-f0ed-4afd-aefa-8e42b4bcec71', 'd759f32f-1b68-471b-8505-013b59fd1bf8', '[seed-v2] Extra task 9 for UI density and scroll validation', 'Tasks', '2026-04-04', NULL, '2026-04-04T20:00:00Z', FALSE, 'active', 'web_keyboard', NULL, TRUE, FALSE, '2026-03-20T09:00:00.000Z', '2026-03-22T09:00:00.000Z', NULL);
INSERT INTO tasks (id, user_id, app_user_id, title, category, due_date, due_time, due_at, is_done, status, source, source_message_id, inferred_date, inferred_time, created_at, updated_at, deleted_at) VALUES ('ede75346-634f-e1b1-004e-ab153cda60e5', '2105c18b-f0ed-4afd-aefa-8e42b4bcec71', 'd759f32f-1b68-471b-8505-013b59fd1bf8', '[seed-v2] Extra task 10 for UI density and scroll validation', 'Meals', '2026-04-05', '10:15:00', '2026-04-05T10:15:00Z', TRUE, 'completed', 'web_media', NULL, FALSE, FALSE, '2026-03-21T09:00:00.000Z', '2026-03-23T09:00:00.000Z', NULL);
INSERT INTO tasks (id, user_id, app_user_id, title, category, due_date, due_time, due_at, is_done, status, source, source_message_id, inferred_date, inferred_time, created_at, updated_at, deleted_at) VALUES ('94fb7455-ef63-f2e6-fca9-95734be204d7', '2105c18b-f0ed-4afd-aefa-8e42b4bcec71', 'd759f32f-1b68-471b-8505-013b59fd1bf8', '[seed-v2] Extra task 11 for UI density and scroll validation', 'Work', NULL, NULL, NULL, FALSE, 'active', 'web_keyboard', NULL, FALSE, FALSE, '2026-03-17T09:00:00.000Z', '2026-03-19T09:00:00.000Z', NULL);
INSERT INTO tasks (id, user_id, app_user_id, title, category, due_date, due_time, due_at, is_done, status, source, source_message_id, inferred_date, inferred_time, created_at, updated_at, deleted_at) VALUES ('b474468f-cf06-0309-8888-e478c74bf054', '2105c18b-f0ed-4afd-aefa-8e42b4bcec71', 'd759f32f-1b68-471b-8505-013b59fd1bf8', '[seed-v2] Extra task 12 for UI density and scroll validation', 'Shopping', '2026-04-07', NULL, '2026-04-07T20:00:00Z', FALSE, 'active', 'web_brain_dump', NULL, FALSE, FALSE, '2026-03-18T09:00:00.000Z', '2026-03-20T09:00:00.000Z', NULL);
INSERT INTO tasks (id, user_id, app_user_id, title, category, due_date, due_time, due_at, is_done, status, source, source_message_id, inferred_date, inferred_time, created_at, updated_at, deleted_at) VALUES ('be4b9457-093b-0070-d216-2604294b7fec', '2105c18b-f0ed-4afd-aefa-8e42b4bcec71', 'd759f32f-1b68-471b-8505-013b59fd1bf8', '[seed-v2] Extra task 13 for UI density and scroll validation', 'Home', '2026-04-08', '13:15:00', '2026-04-08T13:15:00Z', FALSE, 'active', 'whatsapp_text', NULL, TRUE, TRUE, '2026-03-19T09:00:00.000Z', '2026-03-21T09:00:00.000Z', NULL);
INSERT INTO tasks (id, user_id, app_user_id, title, category, due_date, due_time, due_at, is_done, status, source, source_message_id, inferred_date, inferred_time, created_at, updated_at, deleted_at) VALUES ('99d24cb4-3dd0-bc29-abdf-3e6059ad22b6', '2105c18b-f0ed-4afd-aefa-8e42b4bcec71', 'd759f32f-1b68-471b-8505-013b59fd1bf8', '[seed-v2] Extra task 14 for UI density and scroll validation', 'Admin', '2026-04-09', NULL, '2026-04-09T20:00:00Z', FALSE, 'active', 'web_keyboard', NULL, FALSE, FALSE, '2026-03-20T09:00:00.000Z', '2026-03-22T09:00:00.000Z', NULL);
INSERT INTO tasks (id, user_id, app_user_id, title, category, due_date, due_time, due_at, is_done, status, source, source_message_id, inferred_date, inferred_time, created_at, updated_at, deleted_at) VALUES ('331bf6af-a875-dc1b-6ead-d0611ab318cc', '2105c18b-f0ed-4afd-aefa-8e42b4bcec71', 'd759f32f-1b68-471b-8505-013b59fd1bf8', '[seed-v2] Extra task 15 for UI density and scroll validation', 'Tasks', '2026-04-10', NULL, '2026-04-10T20:00:00Z', FALSE, 'active', 'web_media', NULL, FALSE, FALSE, '2026-03-21T09:00:00.000Z', '2026-03-23T09:00:00.000Z', NULL);
INSERT INTO tasks (id, user_id, app_user_id, title, category, due_date, due_time, due_at, is_done, status, source, source_message_id, inferred_date, inferred_time, created_at, updated_at, deleted_at) VALUES ('c545f824-1062-b74a-a45b-263ef35eddcc', '2105c18b-f0ed-4afd-aefa-8e42b4bcec71', 'd759f32f-1b68-471b-8505-013b59fd1bf8', '[seed-v2] Extra task 16 for UI density and scroll validation', 'Meals', NULL, '16:15:00', NULL, FALSE, 'active', 'web_keyboard', NULL, FALSE, FALSE, '2026-03-17T09:00:00.000Z', '2026-03-19T09:00:00.000Z', NULL);

COMMIT;
